Termékcsoport;Quadris cikkszám;Megnevezés;Beszállító;Beszállítói kód;Állapot;Kép;Műszaki adatok száma;Talált kód;Beszállítói megnevezés;Forrás
Alumínium lemezek;;S 1,5x1500x3000mm Fehér festett lemez RAL9010;(nincs megadva);;NINCS;nem;0;;;
Alumínium lemezek;;S 1x1250 mm FF RAL9016 SZALAG H42;(nincs megadva);;NINCS;nem;0;;;
Alumínium lemezek;;S 2x1250x2500mm Fehér festett lemez RAL9016;(nincs megadva);;NINCS;nem;0;;;
Alumínium lemezek;;S 2x1500x3000 mm ELOX Alu lemez EN AW-5005 H12/H14/H24;(nincs megadva);;NINCS;nem;0;;;
Alumínium lemezek;;S 3x1000x2000 mm ELOX Alu lemez EN AW-5002;(nincs megadva);;NINCS;nem;0;;;
Alumínium lemezek;;S 3x1250x3200 mm Alu lemez EN AW-1050A H14/H24;(nincs megadva);;NINCS;nem;0;;;
Alumínium lemezek;;S 3x1250x5000 mm Alu lemez EN AW-1050A H14/H24;(nincs megadva);;NINCS;nem;0;;;
Alumínium lemezek;;S 3x1250x6000 mm Alu lemez EN AW-1050A H14/H24;(nincs megadva);;NINCS;nem;0;;;
Alumínium lemezek;;S 3x1500x3200 mm Alu lemez EN AW-1050A H14/H24;(nincs megadva);;NINCS;nem;0;;;
Alumínium lemezek;;S 3x1500x5000 mm Alu lemez EN AW-1050A H14/H24;(nincs megadva);;NINCS;nem;0;;;
Alumínium lemezek;;S 3x1500x6000 mm Alu lemez EN AW-1050A H14/H24;(nincs megadva);;NINCS;nem;0;;;
Alumínium lemezek;;S 3x2000x5000 mm Alu lemez EN 573-3 (Al-Mg-1) H14/H24;(nincs megadva);;NINCS;nem;0;;;
Billencs alkatrészek;351704;Bill. Rakonca 500 mm első J-B;(nincs megadva);;NINCS;nem;0;;;
Billencs alkatrészek;351707;Bill. Rakonca 500 mm hátsó J-B;(nincs megadva);;NINCS;nem;0;;;
Billencs alkatrészek;351706;Bill. Rakonca 500 mm középső;(nincs megadva);;NINCS;nem;0;;;
Billencs alkatrészek;35880;MAX 800 Első rakonca J-B;(nincs megadva);;NINCS;nem;0;;;
Billencs alkatrészek;35800;MAX 800 Köztes rakonca;(nincs megadva);022650;NINCS;nem;0;;;
Billencs alkatrészek;5023;Munkahenger 05x1240x112 5t;(nincs megadva);515023;NINCS;nem;0;;;
Billencs alkatrészek;6004;Munkahenger 6T 06x1245x124;(nincs megadva);6004S;NINCS;nem;0;;;
Billencs alkatrészek;3093;Munkahenger 8t 05x1190x124;(nincs megadva);3093S;NINCS;nem;0;;;
Billencs alkatrészek;6008;Munkahenger 9T 06x1470x152;(nincs megadva);6008S;NINCS;nem;0;;;
Billencs alkatrészek;147443/ST;Perforál acél keret 27 mm vállal L: 7500;(nincs megadva);;NINCS;nem;0;;;
Billencs alkatrészek;3510206;SP.41 Billencs KÖZÉPSŐ rakonca 400/120 mm;(nincs megadva);D010206;NINCS;nem;0;;;
Billencs alkatrészek;3510204;SP.41 Billencs első rakonca 400/85 mm B;(nincs megadva);D010204;NINCS;nem;0;;;
Billencs alkatrészek;3510204;SP.41 Billencs első rakonca 400/85 mm J;(nincs megadva);D010204;NINCS;nem;0;;;
Billencs alkatrészek;3510207;SP.41 Billencs hátsó rakonca 400/120 mm B;(nincs megadva);D010207;NINCS;nem;0;;;
Billencs alkatrészek;3510207;SP.41 Billencs hátsó rakonca 400/120 mm J;(nincs megadva);D010207;NINCS;nem;0;;;
Billencs alkatrészek;352571;SP33 - 600 mm Bill. hátsó rakonca J/B;(nincs megadva);325711, 322711;NINCS;nem;0;;;
Billencs alkatrészek;352578;SP36 - 600 mm Bill. első rakonca J/B;(nincs megadva);3251708, 322708;NINCS;nem;0;;;
Billencs alkatrészek;352572;SP36 - 600 mm Bill. középső rakonca;(nincs megadva);321710;NINCS;nem;0;;;
Csúszásmentes rétegelt padló;;L 12x1500x2500 mm rétegelt lemez fenolos;(nincs megadva);;NINCS;nem;0;;;
Csúszásmentes rétegelt padló;;L 12x1500x3000 mm rétegelt lemez fenolos;(nincs megadva);;NINCS;nem;0;;;
Csúszásmentes rétegelt padló;;L 15x2130x1250 Rétegelt lemez, Fenolos;(nincs megadva);;NINCS;nem;0;;;
Csúszásmentes rétegelt padló;;L 18x1500x3000 Rétegelt lemez fenolos;(nincs megadva);;NINCS;nem;0;;;
Csúszásmentes rétegelt padló;;L 24x1500x2500 Rétegelt lemez fenolos;(nincs megadva);;NINCS;nem;0;;;
Csúszásmentes rétegelt padló;;L 30x1500x2500 Rétegelt lemez fenolos;(nincs megadva);;NINCS;nem;0;;;
Csúszásmentes rétegelt padló;;L 4x1250x2500 mm FILM/FILM rétegelt lemez;(nincs megadva);;NINCS;nem;0;;;
Csúszásmentes rétegelt padló;;L 6,5x1500x3000 mm rétegelt lemez fenol bevonattal;(nincs megadva);;NINCS;nem;0;;;
Csúszásmentes rétegelt padló;;L 9x1500x2500 Rétegelt lemez fenolos;(nincs megadva);;NINCS;nem;0;;;
Csúszásmentes rétegelt padló;;L 9x1500x3000 Rétegelt lemez fenolos;(nincs megadva);;NINCS;nem;0;;;
Csúszásmentes rétegelt padló;;L MDF 6X2800X2070 mm;(nincs megadva);;NINCS;nem;0;;;
Gumiszőnyegek;;G 10x1000 Soft gumi;(nincs megadva);;NINCS;nem;0;;;
Gumiszőnyegek;;G 10x1000x2000 Soft gumi lap;(nincs megadva);;NINCS;nem;0;;;
Gumiszőnyegek;;G 15x1000x2000 Soft gumi lap;(nincs megadva);;NINCS;nem;0;;;
Gumiszőnyegek;;G 1600x1400 mm Rampaszőnyeg;(nincs megadva);;NINCS;nem;0;;;
Gumiszőnyegek;;G 17/1750x1550 mm Rámpaszőnyeg;(nincs megadva);LM17/0;NINCS;nem;0;;;
Gumiszőnyegek;;G 1750x1540 mm Rámpaszőnyeg;(nincs megadva);;NINCS;nem;0;;;
Gumiszőnyegek;;G 1750x1550 mm Rámpaszőnyeg;(nincs megadva);SG;NINCS;nem;0;;;
Gumiszőnyegek;;G 17x1830x1220 mm Istálló szőnyeg;(nincs megadva);;NINCS;nem;0;;;
Gumiszőnyegek;;G 17x900x1200 mm Istálló szőnyeg;(nincs megadva);;NINCS;nem;0;;;
Gumiszőnyegek;;G 2000x1400 mm Rampaszőnyeg;(nincs megadva);;NINCS;nem;0;;;
Gumiszőnyegek;;G 2000x1600 mm Rampaszőnyeg;(nincs megadva);;NINCS;nem;0;;;
Gumiszőnyegek;;G 2400x2000 Rampaszőnyeg;(nincs megadva);;NINCS;nem;0;;;
Gumiszőnyegek;;G 27/2400x1200 Rampaszőnyeg;(nincs megadva);TM27/0;NINCS;nem;0;;;
Gumiszőnyegek;;G 3x1000 mm PVC áttlátszó víztiszta L:20 m;(nincs megadva);;NINCS;nem;0;;;
Gumiszőnyegek;;G 3x1200x10000 mm Amoeba gumiszőnyeg;(nincs megadva);AM65 3/0;NINCS;nem;0;;;
Gumiszőnyegek;;G 3x1500x10000 mm Amoeba gumiszőnyeg;(nincs megadva);AM65 3/0;NINCS;nem;0;;;
Gumiszőnyegek;;G 3x2200x10000 mm DIAMOND mintás gumi;(nincs megadva);;NINCS;nem;0;;;
Gumiszőnyegek;;G 4x1000 mm PVC áttlátszó víztiszta L:20 m;(nincs megadva);;NINCS;nem;0;;;
Gumiszőnyegek;;G 4x1400x10000 2T S/S Általános gumiszőnyeg;(nincs megadva);;NINCS;nem;0;;;
Gumiszőnyegek;;G 4x1400x10000 S/S Általános gumiszőnyeg;(nincs megadva);;NINCS;nem;0;;;
Gumiszőnyegek;;G 4x2000mm CBR szőnyeg 2 nylon;(nincs megadva);SX70150C 4/2;NINCS;nem;0;;;
Gumiszőnyegek;;G 5x1000 mm PVC áttlátszó víztiszta L:20 m;(nincs megadva);;NINCS;nem;0;;;
Gumiszőnyegek;;G 6x1450mm COBRA szőnyeg 2 nylon;(nincs megadva);SX70150C 6/2;NINCS;nem;0;;;
Gumiszőnyegek;;G 6x1650 mm Istálló szőnyeg L:10 m RS;(nincs megadva);;NINCS;nem;0;;;
Gumiszőnyegek;;G 6x2000mm COBRA szőnyeg 2 nylon;(nincs megadva);SX70150C;NINCS;nem;0;;;
Gumiszőnyegek;;G 6x2000mm Istálló szőnyeg L: 10 m RS;(nincs megadva);;NINCS;nem;0;;;
Gumiszőnyegek;;G 8x1000 Soft gumi;(nincs megadva);;NINCS;nem;0;;;
Gumiszőnyegek;;G 8x1000x2000 Soft gumi lap;(nincs megadva);;NINCS;nem;0;;;
Gumiszőnyegek;;G 8x1650 Istálló szőnyeg;(nincs megadva);;NINCS;nem;0;;;
Gumiszőnyegek;;G 8x2000 Istálló szőnyeg L:10 m RS;(nincs megadva);;NINCS;nem;0;;;
Gumiszőnyegek;;G 8x2000mm COBRA szőnyeg 1 nylon;(nincs megadva);SX70150C 8/1;NINCS;nem;0;;;
Hátsó ajtók és áthajtó rámpák;;Hátsó ajtó alu elox;(nincs megadva);;NINCS;nem;0;;;
Zárt-dobozos és hűtős profilok;;KIT Hűtős doboz;(nincs megadva);;NINCS;nem;0;;;
Zárt-dobozos és hűtős profilok;;Zártdobozos felépítmény készlet;(nincs megadva);;NINCS;nem;0;;;
Dobozos felépítmény alkatrészek;026801;Ajtóhatároló fix konzol;AC-RIU;R026801;NINCS;nem;0;;;
Dobozos felépítmény alkatrészek;026822;Gumis ajtóhatároló 800kg;AC-RIU;R026822;NINCS;nem;0;;;
Speciális felépítmény alkatrészek;052900;Műanyag zártakaró;AC-RIU;7280 005-000;NINCS;nem;0;;;
Acél és alu rakoncák és szegők;212031;ADA Rakonca görgő T acél D24x24 XL;ADAICO;0502031;MEGVAN;igen;1;0502031;"""E"" Type Roller Ø24X24";https://www.adaico.com/en/catalogsearch/result/?q=0502031
Acél és alu rakoncák és szegők;211088;ADA Tetőkiemelő oszlop készlet;ADAICO;0601088;MEGVAN;igen;1;0601088;Standard ADA-LIFTER Pillar Extension Set;https://www.adaico.com/en/catalogsearch/result/?q=0601088
Acél és alu rakoncák és szegők;211086;ADA Tetőkiemelő pumpa HP Lift 450 mm;ADAICO;0601086;MEGVAN;igen;5;0601086;ADA-LIFTER Hydraulic Pump Double Effect;https://www.adaico.com/en/catalogsearch/result/?q=0601086
Acél és alu rakoncák és szegők;211089;ADA tetőkiemelő csatlakozó;ADAICO;0601089;MEGVAN;igen;1;0601089;Hinge Kit for ADA-LIFTER System;https://www.adaico.com/en/catalogsearch/result/?q=0601089
Acél és alu rakoncák és szegők;215014;ADAICO Rakonca oszlop 3000 mm;ADAICO;0505014;MEGVAN;igen;5;0505014;L Fix Pillar;https://www.adaico.com/en/catalogsearch/result/?q=0505014
Acél és alu rakoncák és szegők;216003;ADAICO Rakonca zseb festett;ADAICO;0506003;MEGVAN;igen;4;0506003;Chassishook to Screw;https://www.adaico.com/en/catalogsearch/result/?q=0506003
Dobozos felépítmény alkatrészek;728120;Húskampó FIX C sínhez;ADAICO;1801120;MEGVAN;igen;3;1801120;Meat Hook Fix Stainless Steel;https://www.adaico.com/en/catalogsearch/result/?q=1801120
Elhúzható rolóponyvás rendszer;214312/7800mm;"50x52 mm Acél ""C"" sín";ADAICO;1403012;MEGVAN;igen;5;1403012;Galvanized Steel Bar Profile;https://www.adaico.com/en/catalogsearch/result/?q=1403012
Elhúzható rolóponyvás rendszer;214174;"Gumitömítés acél ""C"" sínhez";ADAICO;1404174;MEGVAN;igen;5;1404174;Profile Roll Exterior PVC;https://www.adaico.com/en/catalogsearch/result/?q=1404174
Elhúzható rolóponyvás rendszer;211110;Ponyvagörgő acél sínhez;ADAICO;0801110;MEGVAN;igen;2;0801110;Roller Simple Ø38x30 Rol. Steel;https://www.adaico.com/en/catalogsearch/result/?q=0801110
Italszállító KIT;212143;ADA ajtó profil alsó görgő L;ADAICO;0802143;MEGVAN;igen;4;0802143;Down Carriage Door ADA-SLIDER Rol. Nylon;https://www.adaico.com/en/1-04010007.html
Italszállító KIT;212153;ADA ajtó profil alsó görgő R;ADAICO;0802153;MEGVAN;igen;4;0802153;Down Carriage Door ADA-SLIDER Rol. Nylon;https://www.adaico.com/en/1-04010007.html
Italszállító KIT;212123;ADA ajtó profil felső görgő;ADAICO;0802123;MEGVAN;igen;4;0802123;Up Carriage Door ADA-SLIDER Rol. Nylon;https://www.adaico.com/en/1-04010005.html
Italszállító KIT;212133;ADA ponyva görgő alsó;ADAICO;0802133;MEGVAN;igen;4;0802133;Down Carriage Curtain ADA-SLIDER Rol. Nylon;https://www.adaico.com/en/1-04010006.html
Italszállító KIT;212113;ADA ponyva görgő felső;ADAICO;0802113;MEGVAN;igen;4;0802113;Up Carriage Curtain ADA-SLIDER Rol. Nylon;https://www.adaico.com/en/1-04010004.html
Italszállító KIT;212064;ADA-S 2 m PVC tekercs;ADAICO;0902064;MEGVAN;igen;3;0902064;"PP ""Outfolding"" ADA-SLIDER";https://www.adaico.com/en/1-04010010.html
Italszállító KIT;212427;ADA-S Ajtó profil 2100 mm elox;ADAICO;1402427;MEGVAN;igen;4;1402427;Vertical Aluminium Profile ADA-SLIDER;https://www.adaico.com/en/1-04010015.html
Italszállító KIT;212429;ADA-S Ajtó profil 2400 mm elox;ADAICO;1402429;MEGVAN;igen;4;1402429;Vertical Aluminium Profile ADA-SLIDER;https://www.adaico.com/en/1-04010015.html
Italszállító KIT;212431;ADA-S Ajtó profil 2800 mm elox;ADAICO;1402431;MEGVAN;igen;4;1402431;Vertical Aluminium Profile ADA-SLIDER;https://www.adaico.com/en/1-04010015.html
Italszállító KIT;212061;ADA-S Hajlított acél lemezke;ADAICO;0902061;MEGVAN;igen;4;0902061;"Pack 10 units Steel Plate ""Outfolding""";https://www.adaico.com/en/1-04010035.html
Italszállító KIT;212410;ADA-S Tetősín 4000 mm;ADAICO;1402410;MEGVAN;igen;4;1402410;Horizontal Aluminium Rail Profile ADA-SLIDER;https://www.adaico.com/en/1-04010014.html
Italszállító KIT;212408;ADA-S Tetősín 5000 mm;ADAICO;1402408;MEGVAN;igen;4;1402408;Horizontal Aluminium Rail Profile ADA-SLIDER;https://www.adaico.com/en/1-04010014.html
Italszállító KIT;212406;ADA-S Tetősín 6000 mm;ADAICO;1402406;MEGVAN;igen;4;1402406;Horizontal Aluminium Rail Profile ADA-SLIDER;https://www.adaico.com/en/1-04010014.html
Italszállító KIT;212404;ADA-S Tetősín 7000 mm;ADAICO;1402404;MEGVAN;igen;4;1402404;Horizontal Aluminium Rail Profile ADA-SLIDER;https://www.adaico.com/en/1-04010014.html
Italszállító KIT;211385;ADA-S Zárszerkezet ellendarab;ADAICO;1201385;MEGVAN;igen;2;1201385;Steel Holder (ADA-SLIDER Lock);https://www.adaico.com/en/1-04010013.html
Italszállító KIT;211372;ADA-S Zárszerkezet italszállító;ADAICO;1201372;MEGVAN;igen;4;1201372;"ADA-SLIDER ""Tens-Lock"" Adjustable Delivery Truck Door Lock";https://www.adaico.com/en/catalogsearch/result/?q=1201372
Italszállító KIT;214202;ADA-S ajtóprofil takarógumi 10 m/tekercs;ADAICO;1404202;MEGVAN;igen;6;1404202;ADA-SLIDER Profile Roll PVC Vertical;https://www.adaico.com/en/1-04010016.html
Platós alkatrészek és kiegészítők;303005;Aláfutásgátló konzol 700 mm új;ADAICO;1702054;MEGVAN;igen;5;1702054;LIGHT Anticrash Support;https://www.adaico.com/en/1-18020028.html
Ponyvarendszer kiegészítők;380196;ADA HANDY feszítő, kocka adapterhez L;ADAICO;1001196;MEGVAN;igen;3;1001196;AdaHandy Curtain Tensioner Square Drive;https://www.adaico.com/en/catalogsearch/result/?q=1001196
Ponyvarendszer kiegészítők;380194;ADA HANDY feszítő, kocka adapterhez R;ADAICO;1001194;MEGVAN;igen;3;1001194;AdaHandy Curtain Tensioner Square Drive;https://www.adaico.com/en/catalogsearch/result/?q=1001194
Ponyvarendszer kiegészítők;380192;ADA HANDY feszítő, sliccelt adapterhez L;ADAICO;1001192;MEGVAN;igen;3;1001192;AdaHandy Curtain Tensioner Slotted Drive;https://www.adaico.com/en/catalogsearch/result/?q=1001192
Ponyvarendszer kiegészítők;380190;ADA HANDY feszítő, sliccelt adapterhez R;ADAICO;1001190;MEGVAN;igen;3;1001190;AdaHandy Curtain Tensioner Slotted Drive;https://www.adaico.com/en/catalogsearch/result/?q=1001190
Ponyvarendszer kiegészítők;380186;ADA Racsnis feszítő kocka adapterhez L;ADAICO;1001186;MEGVAN;igen;3;1001186;Ada-Tensioner Curtain Tensioner Square Drive;https://www.adaico.com/en/catalogsearch/result/?q=1001186
Ponyvarendszer kiegészítők;380184;ADA Racsnis feszítő kocka adapterhez R;ADAICO;1001184;MEGVAN;igen;3;1001184;Ada-Tensioner Curtain Tensioner Square Drive;https://www.adaico.com/en/catalogsearch/result/?q=1001184
Ponyvarendszer kiegészítők;381074;Feszítő kocka szögletes adap. 60x30x30/10;ADAICO;1001074;MEGVAN;igen;2;1001074;Curtain Tensioner 60x30x30 (10) (Handlelevel);https://www.adaico.com/en/catalogsearch/result/?q=1001074
Rakományrögzítés;121172;Airline sín alu-elox 3000mm;ADAICO;2301172;MEGVAN;igen;3;2301172;Airline Profile Anchor Track 3.000x50x11,5;https://www.adaico.com/en/1-17030014.html
Rakományrögzítés;121208;Gyűrűs rakományrögzítő 1300 daN;ADAICO;2301208;MEGVAN;igen;3;2301208;Double Airline Fitting;https://www.adaico.com/en/catalogsearch/result/?q=2301208
Acél és alu rakoncák és szegők;211086/88;ADA Tetőkiemelő HP Lift KIT;ADAICO;;NINCS;nem;0;;;
Acél és alu rakoncák és szegők;212002;ADAICO Rakonca zseb nyers;ADAICO;;NINCS;nem;0;;;
Dobozos felépítmény alkatrészek;821018;Rugós ajtókitámasztó horg. 540/425 mm AD;ADAICO;;NINCS;nem;0;;;
Elhúzható rolóponyvás rendszer;214312/5000mm;"50x52 mm Acél ""C"" sín";ADAICO;1490003;NINCS;nem;0;;;
Elhúzható rolóponyvás rendszer;214312/6600mm;"50x52 mm Acél ""C"" sín";ADAICO;1490005;NINCS;nem;0;;;
Italszállító KIT;;21 ADA-Slider tető rendszer;ADAICO;;NINCS;nem;0;;;
Ponyvarendszer kiegészítők;381072;Feszítő kocka sliccelt adapterhez;ADAICO;1001072;NINCS;nem;0;;;
Rakományrögzítés;121128;Kombi rakományrögzítő sín - acél;ADAICO;50033110;NINCS;nem;0;;;
Rakományrögzítés;121110;Kombi rakományrögzítő sín sülly.- acél;ADAICO;50043110;NINCS;nem;0;;;
Alumínium alváz profilok;202274;"""U"" 100x50x50x5 mm profil";ALCOMET;UPR-02274;NINCS;nem;0;;;
Alumínium alváz profilok;203548;"""U"" 140x60x60x7 mm profil";ALCOMET;UPR-03548;NINCS;nem;0;;;
Alumínium alváz profilok;202869;"""U"" 160x80x80x8 mm profil";ALCOMET;UPR-02869;NINCS;nem;0;;;
Alumínium alváz profilok;205162;"""U"" 80x60x5 mm aluprofil";ALCOMET;UPR-05162;NINCS;nem;0;;;
Alumínium alváz profilok;203432;"""U"" 90x50x50x5 mm profil";ALCOMET;UPR-03432;NINCS;nem;0;;;
Dobozos felépítmény alkatrészek;70605;D60x5 mm Húspálya cső elox 6000 mm;ALCOMET;;NINCS;nem;0;;;
Ipari félgyártmányok;251048;100x10 mm Alu lapos profil;ALCOMET;FLB-01048;NINCS;nem;0;;;
Ipari félgyártmányok;255472;100x100x4 mm R7/3 Alu zártszelvény;ALCOMET;SQT-05472;NINCS;nem;0;;;
Ipari félgyártmányok;250503;100x50x3 mm Alu zártszelvény;ALCOMET;100503;NINCS;nem;0;;;
Ipari félgyártmányok;251210;120x10 mm Alu lapos profil;ALCOMET;;NINCS;nem;0;;;
Ipari félgyártmányok;251510;150x10 mm Alu lapos profil;ALCOMET;;NINCS;nem;0;;;
Ipari félgyártmányok;253734;150x25x2,5 R2 Alu zártszelvény;ALCOMET;RCT-03734;NINCS;nem;0;;;
Ipari félgyártmányok;252798;150x30x3 mm alu zártszelvény;ALCOMET;;NINCS;nem;0;;;
Ipari félgyártmányok;256076;160x90x5 mm Alu zártszelvány;ALCOMET;RCT-06076;NINCS;nem;0;;;
Ipari félgyártmányok;251530;18 mm Alu rúd;ALCOMET;1500030;NINCS;nem;0;;;
Ipari félgyártmányok;251310;18x2 Alu cső;ALCOMET;1303010;NINCS;nem;0;;;
Ipari félgyártmányok;250202;20x2 Alu cső;ALCOMET;EXO202N;NINCS;nem;0;;;
Ipari félgyártmányok;258354;25x25x2 alu zártszelvény;ALCOMET;A8354;NINCS;nem;0;;;
Ipari félgyártmányok;250301;30x10 mm Alu lapos profil;ALCOMET;;NINCS;nem;0;;;
Ipari félgyártmányok;251883;30x20x1,5 alu zártszelvény;ALCOMET;01883;NINCS;nem;0;;;
Ipari félgyártmányok;253020;30x20x2 alu zártszelvény;ALCOMET;;NINCS;nem;0;;;
Ipari félgyártmányok;253295;30x30x2 alu zártszelvény;ALCOMET;KPA8358;NINCS;nem;0;;;
Ipari félgyártmányok;253030;30x30x3 mm U profil;ALCOMET;;NINCS;nem;0;;;
Ipari félgyártmányok;252417;30x8 mm Alu lapos profil;ALCOMET;FLB-02417;NINCS;nem;0;;;
Ipari félgyártmányok;253535;35x35x3 mm alu zártszelvény;ALCOMET;SQT-02817;NINCS;nem;0;;;
Ipari félgyártmányok;250890;40x20x2 mm Alu zártszelvény;ALCOMET;RCT-00890;NINCS;nem;0;;;
Ipari félgyártmányok;252242;40x30x2 alu zártszelvény;ALCOMET;RCT-02242;NINCS;nem;0;;;
Ipari félgyártmányok;255340;40x40x3 R2 mm Alu zártszelvény;ALCOMET;SQT-05340;NINCS;nem;0;;;
Ipari félgyártmányok;252296;40x8 mm Alu lapos profil;ALCOMET;FLB-02296;NINCS;nem;0;;;
Ipari félgyártmányok;253812;50x30x2 R5 alu zártszelvény 6000 mm;ALCOMET;RCT-03812;NINCS;nem;0;;;
Ipari félgyártmányok;251742;50x5 mm Alu lapos profil;ALCOMET;FLB-01742;NINCS;nem;0;;;
Ipari félgyártmányok;258352;50x50x3 alu zártszelvény;ALCOMET;A8352;NINCS;nem;0;;;
Ipari félgyártmányok;250297;"50x50x5 Alu ""L"" profil";ALCOMET;LPR-00297;NINCS;nem;0;;;
Ipari félgyártmányok;255610;60x30x2,5 R2,5 mm alu zártszelvény;ALCOMET;RCT-05610;NINCS;nem;0;;;
Ipari félgyártmányok;255070;60x30x3 mm Alu zártszelvény;ALCOMET;RCT-05070;NINCS;nem;0;;;
Ipari félgyártmányok;252444;60x40x2,5 mm alu zártszelvény;ALCOMET;RCT-02444;NINCS;nem;0;;;
Ipari félgyártmányok;252687;60x40x4 alu zártszelvény;ALCOMET;1302687;NINCS;nem;0;;;
Ipari félgyártmányok;256468;60x40x4 mm R4/2 alu zártszelvény;ALCOMET;RCT-06468;NINCS;nem;0;;;
Ipari félgyártmányok;254979;"60x50x50x5 mm ""U"" profil";ALCOMET;UPR-04979;NINCS;nem;0;;;
Ipari félgyártmányok;252672;80x20x2 alu zártszelvény;ALCOMET;;NINCS;nem;0;;;
Ipari félgyártmányok;252763;80x40x3 alu zártszelvény;ALCOMET;;NINCS;nem;0;;;
Ipari félgyártmányok;255207;80x40x3 mm R5 Alu zártszelvény;ALCOMET;RCT-05207;NINCS;nem;0;;;
Ipari félgyártmányok;252764;80x40x4 alu zártszelvény;ALCOMET;RCT-02345;NINCS;nem;0;;;
Ipari félgyártmányok;258418;80x50x4 mm R3 Alu Zártszelvény;ALCOMET;A8418;NINCS;nem;0;;;
Ipari félgyártmányok;255473;80x80x4 mm Alu zártszelvény;ALCOMET;;NINCS;nem;0;;;
Ipari félgyártmányok;227576;Zártszelvény 60x30x2 mm OR3/IR1 elox;ALCOMET;RCT-07576;NINCS;nem;0;;;
Ponyvarendszer kiegészítők;222923;60x1,5 mm Ponyvacső;ALCOMET;RNT-02923;NINCS;nem;0;;;
Ponyvarendszer kiegészítők;222985;D50 mm alu cső;ALCOMET;RNT-02985;NINCS;nem;0;;;
Zárt-dobozos és hűtős profilok;237798;Speciális 35 ALSÓ KERET profil EC;ALCOMET;DRP-07798;NINCS;nem;0;;;
Zárt-dobozos és hűtős profilok;237797;Speciális TETŐ profil EC;ALCOMET;DRP-07797;NINCS;nem;0;;;
Zárt-dobozos és hűtős profilok;231309;"AN ""h"" ajtószegő 30 mm elox";ALSAP;1309AN;NINCS;nem;0;;;
Zárt-dobozos és hűtős profilok;231308;AN Tömítéses ajtószegő 30 mm elox;ALSAP;1308AN;NINCS;nem;0;;;
Zárt-dobozos és hűtős profilok;238066;CS Tömítéses ajtószegő 25 mm elox;ALSAP;223132E;NINCS;nem;0;;;
Zárt-dobozos és hűtős profilok;238067;Tömítés a szegő profilhoz;ALSAP;220306;NINCS;nem;0;;;
Ponyvarendszer kiegészítők;388005;Ponyvabeakasztó alu profil 70 mm elox;Allco;T1.8005.1;NINCS;nem;0;;;
Ponyvás oldalfal profilok és szegők;222139/n;"""h"" szegő 25 mm";Allco;2139;NINCS;nem;0;;;
Ponyvás oldalfal profilok és szegők;222139;"""h"" szegő 25 mm elox";Allco;1700038;NINCS;nem;0;;;
Ponyvás oldalfal profilok és szegők;222137/n;"""u"" 25 mm szegő profil";Allco;2137;NINCS;nem;0;;;
Ponyvás oldalfal profilok és szegők;222137;"""u"" 25 mm szegő profil elox";Allco;2137;NINCS;nem;0;;;
Ponyvás oldalfal profilok és szegők;226115;Alsó tömítéses 200 mm elox profil;Allco;VZPN1747;NINCS;nem;0;;;
Acél és alu rakoncák és szegők;;356297B Alu középső Rakonca 400 mm/80 np;Alu-SV;62974B0000;MEGVAN;igen;7;62974B0000;Middle pillar AluGrip 400, anod, No edge;https://www.alu-sv.com/en/goods.ep/4000006_pillars/48000765_middle-pillar-alugrip-400--anod--no-edge
Acél és alu rakoncák és szegők;356297;Alu középső Rakonca 400 mm/80;Alu-SV;62974BB011;MEGVAN;igen;7;62974BB011;Midlle pillar AluGrip 400, anod.;https://www.alu-sv.com/en/goods.ep/4000006_pillars/910105248_midlle-pillar-alugrip-400--anod.
Acél és alu rakoncák és szegők;356287;Alu középső rakonca 400 mm/60, billenő toldással;Alu-SV;6287CS6000;MEGVAN;igen;7;6287CS6000;Pillar AluGrip 60/CS with extension;https://www.alu-sv.com/en/goods.ep/13000002_side-pillars--front-and-rear-al-pillars/910108523_pillar-alugrip-60-cs-with-extension
Alumínium alváz profilok;201094;Targonca ütköző profil;Alu-SV;2200071094;MEGVAN;igen;7;2200071094;Frame profile 33x37mm Al;https://www.alu-sv.com/en/goods.ep/4000043_bumpers-and-buffers/126000004_frame-profile-33x37mm-al
Alumínium padló profilok;203492;Autószállító padló keret profil 30 mm;Alu-SV;6600013492;MEGVAN;igen;6;6600013492;Edgeprofil 30mm for tow truck;https://www.alu-sv.com/en/goods.ep/4000049_aluminium-floors/910099447_edgeprofil-30mm-for-tow-truck
Alumínium padló profilok;222233;Rámpa szegő G profil;Alu-SV;6600012233;MEGVAN;igen;7;6600012233;Mounting ramp side profile G al;https://www.alu-sv.com/en/goods.ep/4000050_aluminium-overruns/70000028_mounting-ramp-side-profile-g-al
Dobozos felépítmény alkatrészek;812910;ELOX alu oldalajtó zsanér, lépcsős;Alu-SV;62LP212910;MEGVAN;igen;7;62LP212910;Hinge AL 180° anodized 170x48mm;https://www.alu-sv.com/en/goods.ep/4000022_closed-body-hinges/103000083_hinge-al-180-anodized-170x48mm
Dobozos felépítmény alkatrészek;102040;INOX sarokelem nagy;Alu-SV;62002040P9;MEGVAN;igen;7;62002040P9;Box corner protector 115x115x115mm inox;https://www.alu-sv.com/en/goods.ep/4000027_closed-body-arcal/91000042_box-corner-protector-115x115x115mm-inox
Dobozos felépítmény alkatrészek;502500;Szimpla görgős gumiütköző/D70/85;Alu-SV;43950250C0;MEGVAN;igen;8;43950250C0;Buffer with rollers 1 cylinder 120x92mm;https://www.alu-sv.com/en/goods.ep/4000043_bumpers-and-buffers/99000116_buffer-with-rollers-1-cylinder-120x92mm
Elhúzható rolóponyvás rendszer;;66K0800 Alu zártszelvény 80x35/4R elox;Alu-SV;66K0EU0800;MEGVAN;igen;7;66K0EU0800;Profile CS MINI 80x35mm, anodized;https://www.alu-sv.com/en/goods.ep/4000006_pillars/28000322_profile-cs-mini-80x35mm--anodized
Elhúzható rolóponyvás rendszer;6613366;AL/ECO 120 mm külső palást profil elox;Alu-SV;6612013366;MEGVAN;igen;7;6612013366;AL/ECO sheet profile 120mm, anodize;https://www.alu-sv.com/en/goods.ep/4000017_edscha-cs/910092718_al-eco-sheet-profile-120mm--anodize
Elhúzható rolóponyvás rendszer;6613365;AL/ECO merevítő profil natúr;Alu-SV;6600013365;MEGVAN;igen;7;6600013365;AL/ECO sheet profile counterpart;https://www.alu-sv.com/en/goods.ep/4000017_edscha-cs/910092720_al-eco-sheet-profile-counterpart
Elhúzható rolóponyvás rendszer;;ALU első takaró lemez;Alu-SV;66PL111085;MEGVAN;igen;7;66PL111085;Front plate 2550mm, anod;https://www.alu-sv.com/en/goods.ep/4000017_edscha-cs/910111993_front-plate-2550mm--anod
Elhúzható rolóponyvás rendszer;6635255;MAX-os hátsó elox oszlop 3150 mm;Alu-SV;66OZ035255;MEGVAN;igen;7;66OZ035255;Pillar profile CS MAX rear, 3150mm, anod;https://www.alu-sv.com/en/goods.ep/13000002_side-pillars--front-and-rear-al-pillars/10000293_pillar-profile-cs-max-rear--3150mm--anod
Elhúzható rolóponyvás rendszer;663980;MIDI első oszlop FLAT elox 246;Alu-SV;66KE309800;MEGVAN;igen;7;66KE309800;Pillar profile CS MIDI head-on anod;https://www.alu-sv.com/en/goods.ep/13000002_side-pillars--front-and-rear-al-pillars/118000025_pillar-profile-cs-midi-head-on-anod
Elhúzható rolóponyvás rendszer;661090;MIDI első oszlop LIFT elox 135;Alu-SV;66K0EP1090;MEGVAN;igen;7;66K0EP1090;Pillar profile CS MIDI front 135 anod.;https://www.alu-sv.com/en/goods.ep/13000002_side-pillars--front-and-rear-al-pillars/910120403_pillar-profile-cs-midi-front-135-anod.
Elhúzható rolóponyvás rendszer;6614358;"MIDI hátsó ""u"" szegős oszlop elox";Alu-SV;66K2Z14358;MEGVAN;igen;7;66K2Z14358;Pillar profile CS MIDI rear 2024, anod;https://www.alu-sv.com/en/goods.ep/13000002_side-pillars--front-and-rear-al-pillars/910191452_pillar-profile-cs-midi-rear-2024--anod
Elhúzható rolóponyvás rendszer;662000;MIDI hátsó LIFT oszlop elox;Alu-SV;66K0EZ2000;MEGVAN;igen;7;66K0EZ2000;Pillar profile CS MIDI rear lift anod.;https://www.alu-sv.com/en/goods.ep/13000002_side-pillars--front-and-rear-al-pillars/114000054_pillar-profile-cs-midi-rear-lift-anod.
Elhúzható rolóponyvás rendszer;6613575;MINI első 100 alu oszlop elox;Alu-SV;6612013575;MEGVAN;igen;7;6612013575;Pillar profile CS MINI front70(100)ano.;https://www.alu-sv.com/en/goods.ep/13000002_side-pillars--front-and-rear-al-pillars/910104244_pillar-profile-cs-mini-front70(100)ano.
Elhúzható rolóponyvás rendszer;6613555;MINI hátsó oszlop HN elox 110/138;Alu-SV;6612013555;MEGVAN;igen;7;6612013555;Pillar profile CS MINIrear110(138)anod;https://www.alu-sv.com/en/goods.ep/13000002_side-pillars--front-and-rear-al-pillars/910104243_pillar-profile-cs-minirear110(138)anod
Elhúzható rolóponyvás rendszer;6613554;MINI hátsó oszlop elox 110/166;Alu-SV;6612013554;MEGVAN;igen;7;6612013554;Pillar profile CS MINI rear110(166)ano;https://www.alu-sv.com/en/goods.ep/13000002_side-pillars--front-and-rear-al-pillars/910104241_pillar-profile-cs-mini-rear110(166)ano
Elhúzható rolóponyvás rendszer;6613553;MINI hátsó oszlop elox 111 mm;Alu-SV;6612013553;MEGVAN;igen;7;6612013553;Pillar profile CS MINI rear 111anod;https://www.alu-sv.com/en/goods.ep/13000002_side-pillars--front-and-rear-al-pillars/67000056_pillar-profile-cs-mini-rear-111anod
Platós alkatrészek és kiegészítők;506116;Horganyzott SÜLLYESZTETT fellépő;Alu-SV;1000060116;MEGVAN;igen;7;1000060116;Folding step 160x150mm;https://www.alu-sv.com/en/goods.ep/4000041_steps/62000217_folding-step-160x150mm
Platós alkatrészek és kiegészítők;117775;Körmös anya;Alu-SV;6600107775;MEGVAN;igen;5;6600107775;Clamp Palcom M10/20 mm;https://www.alu-sv.com/en/goods.ep/4000002_parts-for-aluminium-platforms/1482_clamp-palcom-m10-20-mm
Platós alkatrészek és kiegészítők;117774;Kötőelem apa;Alu-SV;6600107776;MEGVAN;igen;5;6600107776;Clamp Palcom o10,5/44 mm;https://www.alu-sv.com/en/goods.ep/4000002_parts-for-aluminium-platforms/1483_clamp-palcom-o10-5-44-mm
Platós alkatrészek és kiegészítők;117776;Kötőelem apa kerethez;Alu-SV;6600117776;MEGVAN;igen;8;6600117776;Clamp Palcom 13x44x44 mm;https://www.alu-sv.com/en/goods.ep/4000002_parts-for-aluminium-platforms/910098750_clamp-palcom-13x44x44-mm
Platós alkatrészek és kiegészítők;117787;Kötőelem garn. 8mm;Alu-SV;6600197787;MEGVAN;igen;4;6600197787;Clamp Palcom high 8mm;https://www.alu-sv.com/en/goods.ep/4000002_parts-for-aluminium-platforms/28000067_clamp-palcom-high-8mm
Platós alkatrészek és kiegészítők;117777;Kötőelem garn. kerethez;Alu-SV;6600187777;MEGVAN;igen;4;6600187777;Clamp Palcom low 4mm;https://www.alu-sv.com/en/goods.ep/4000002_parts-for-aluminium-platforms/910098749_clamp-palcom-low-4mm
Platós alkatrészek és kiegészítők;;M12x80 Rugós felfüggesztés;Alu-SV;6200SM1280;MEGVAN;igen;4;6200SM1280;Set M12x80 for elastic connection;https://www.alu-sv.com/en/goods.ep/4000002_parts-for-aluminium-platforms/28000153_set-m12x80-for-elastic-connection
Platós alkatrészek és kiegészítők;;M14x100 Rugós felfüggesztés;Alu-SV;6200SM1410;MEGVAN;igen;4;6200SM1410;Set M14x100 for elastic connection;https://www.alu-sv.com/en/goods.ep/4000002_parts-for-aluminium-platforms/28000154_set-m14x100-for-elastic-connection
Platós alkatrészek és kiegészítők;117502;NAGY Körmös anya 103 mm;Alu-SV;6600201502;MEGVAN;igen;7;6600201502;Frame clamp aluminium 103 mm;https://www.alu-sv.com/en/goods.ep/4000002_parts-for-aluminium-platforms/910097223_frame-clamp-aluminium-103-mm
Ponyvarendszer kiegészítők;100021;100x25 mm festett szegecselhető deszkatartó zseb;Alu-SV;62K0000021;MEGVAN;igen;7;62K0000021;Holder of tarp. prof. riveting black;https://www.alu-sv.com/en/goods.ep/4000018_pevne-plachtove-konstrukce/7000310_holder-of-tarp.-prof.-riveting-black
Ponyvarendszer kiegészítők;107409;465x25 mm festett szegecselhető deszkatartó zseb;Alu-SV;62HCS17409;MEGVAN;igen;7;62HCS17409;Pillar flange CS VarioMaster 465mm;https://www.alu-sv.com/en/goods.ep/13000002_side-pillars--front-and-rear-al-pillars/306000040_pillar-flange-cs-variomaster-465mm
Ponyvarendszer kiegészítők;106107;"Alu elox szeg. deszkatartó ""L"" 25x19x32 mm";Alu-SV;610010E107;MEGVAN;igen;7;610010E107;Stopper of tarpaulin profile, anodized;https://www.alu-sv.com/en/goods.ep/4000018_pevne-plachtove-konstrukce/87000121_stopper-of-tarpaulin-profile--anodized
Ponyvarendszer kiegészítők;106282;Targoncaütköző-profil rögzítő csavar készlet;Alu-SV;62LP000822;MEGVAN;igen;8;62LP000822;Screw for profile 2200071094;https://www.alu-sv.com/en/goods.ep/4000043_bumpers-and-buffers/39000629_screw-for-profile-2200071094
Ponyvás oldalfal profilok és szegők;222528;"""u"" szegő zártszelvény erősítéssel 25 mm elox";Alu-SV;6612012528;MEGVAN;igen;7;6612012528;A edging profile Safegrip;https://www.alu-sv.com/en/goods.ep/19000002_dropsides--dropside-profiles/39000532_a-edging-profile-safegrip
Ponyvás oldalfal profilok és szegők;245240;Billencs alsó 200x40 mm;Alu-SV;66S5200400;MEGVAN;igen;5;66S5200400;Tipper profile bottom 200x40 mm;https://www.alu-sv.com/en/goods.ep/4000010_al-dropsides-dropside-prof.-30-40-60-65/38000483_tipper-profile-bottom-200x40-mm
Ponyvás oldalfal profilok és szegők;247243;Billencs felső 200x40 mm;Alu-SV;1141037243;MEGVAN;igen;7;1141037243;Tipper top profile 200x40 mm;https://www.alu-sv.com/en/goods.ep/4000010_al-dropsides-dropside-prof.-30-40-60-65/31000511_tipper-top-profile-200x40-mm
Ponyvás oldalfal profilok és szegők;243240;Billencs középső 200x40 mm;Alu-SV;66S3200400;MEGVAN;igen;5;66S3200400;Tipper profile middle 200x40 mm;https://www.alu-sv.com/en/goods.ep/4000010_al-dropsides-dropside-prof.-30-40-60-65/38000482_tipper-profile-middle-200x40-mm
Ponyvás oldalfal profilok és szegők;227785;Köztes 100 mm elox profil;Alu-SV;6611127785;MEGVAN;igen;7;6611127785;Middle profile EUROLOCK 100mm, anodized;https://www.alu-sv.com/en/goods.ep/19000002_dropsides--dropside-profiles/1513_middle-profile-eurolock-100mm--anodized
Ponyvás oldalfal profilok és szegők;223563;Tömítés alsó záróprofilhoz.;Alu-SV;1001063563;MEGVAN;igen;5;1001063563;Gasket for lower profile Eurolock;https://www.alu-sv.com/en/goods.ep/19000002_dropsides--dropside-profiles/136_gasket-for-lower-profile-eurolock
Rakományrögzítés;127111;3-részes rakományrögzítő ovál tányér KICS 350kg;Alu-SV;2100071111;MEGVAN;igen;7;2100071111;Pivoting stowing ring, 350kg;https://www.alu-sv.com/en/goods.ep/4000036_lashing-rings/34000390_pivoting-stowing-ring--350kg
Rakományrögzítés;120682;Műanyag végzár Airline sínhez;Alu-SV;2100520682;MEGVAN;igen;6;2100520682;Lath end cap Airline, plastic 50mm;https://www.alu-sv.com/en/goods.ep/4000037_cargo-securing-lathes/12000523_lath-end-cap-airline--plastic-50mm
Rakományrögzítés;122850;Rakományrögzítő kengyel 1000 dAN SV;Alu-SV;4364382850;MEGVAN;igen;7;4364382850;Frame stowing ring M8 1000daN;https://www.alu-sv.com/en/goods.ep/4000036_lashing-rings/39000650_frame-stowing-ring-m8-1000dan
Rakományrögzítés;123025;Térelválasztó falzár 2400-2700 mm 400daN;Alu-SV;3F50030225;MEGVAN;igen;7;3F50030225;.Stowing bar 2400-2700 mm 400daN;https://www.alu-sv.com/en/goods.ep/13000005_inter-dropsides-stowing-bar/36000019_.stowing-bar-2400-2700-mm-400dan
Zárt-dobozos és hűtős profilok;231144;"""Z"" esővető alu profil 60 mm";Alu-SV;6612014350;MEGVAN;igen;5;6612014350;Dripchannel profile, anodized;https://www.alu-sv.com/en/goods.ep/19000001_closed-body-aluminum-profiles/910189874_dripchannel-profile--anodized
Zárt-dobozos és hűtős profilok;231791;"15,3x26 mm ""L"" profil elox";Alu-SV;66L2011791;MEGVAN;igen;5;66L2011791;Profil L 26x15,3mm, anodized;https://www.alu-sv.com/en/goods.ep/19000001_closed-body-aluminum-profiles/70000030_profil-l-26x15-3mm--anodized
Zárt-dobozos és hűtős profilok;237768;40x40x2,5/R elox L profil;Alu-SV;6612007768;MEGVAN;igen;7;6612007768;Inside profile L40x40, anodized;https://www.alu-sv.com/en/goods.ep/19000001_closed-body-aluminum-profiles/87000229_inside-profile-l40x40--anodized
Zárt-dobozos és hűtős profilok;237767/n;"60x60 ""L"" profil";Alu-SV;6600007767;MEGVAN;igen;7;6600007767;Internal profile L 60x60mm, al;https://www.alu-sv.com/en/goods.ep/19000001_closed-body-aluminum-profiles/1468_internal-profile-l-60x60mm--al
Zárt-dobozos és hűtős profilok;237310/20;Dupla alu zsanér;Alu-SV;4163673200;MEGVAN;igen;7;4163673200;Continuous hinge 155 counterpart max5,3m;https://www.alu-sv.com/en/goods.ep/4000022_closed-body-hinges/815_continuous-hinge-155-counterpart-max5-3m
Zárt-dobozos és hűtős profilok;238043;Kalap profil natúr, 35/87 mm;Alu-SV;6600008043;MEGVAN;igen;7;6600008043;Roof profile omega 35mm, al;https://www.alu-sv.com/en/goods.ep/19000001_closed-body-aluminum-profiles/1474_roof-profile-omega-35mm--al
Zárt-dobozos és hűtős profilok;236817/n;R50 Íves felső profil;Alu-SV;1000006817;MEGVAN;igen;7;1000006817;Edge profile R50, outdoor;https://www.alu-sv.com/en/goods.ep/19000001_closed-body-aluminum-profiles/16000141_edge-profile-r50--outdoor
Zárt-dobozos és hűtős profilok;236817;R50 Íves felső profil elox;Alu-SV;1000068171;MEGVAN;igen;7;1000068171;Edge profile R50 outside, anodized;https://www.alu-sv.com/en/goods.ep/19000001_closed-body-aluminum-profiles/15000175_edge-profile-r50-outside--anodized
Acél és alu rakoncák és szegők;351155;Alu rakonca Top-kuplung;Alu-SV;;NINCS;nem;0;;;
Acél és alu rakoncák és szegők;351142;Alu rakonca magasító elox;Alu-SV;62K113542B;NINCS;nem;0;;;
Acél és alu rakoncák és szegők;357271;KG hátsó alu szegőprofil elox;Alu-SV;110900;NINCS;nem;0;;;
Acél és alu rakoncák és szegők;357270;KG oldalsó alu szegő profil elox;Alu-SV;110827;NINCS;nem;0;;;
Dobozos felépítmény alkatrészek;502502;Dupla görgős gumiütköző 222x115;Alu-SV;55322251;NINCS;nem;0;;;
Dobozos felépítmény alkatrészek;502501;Szimpla görgős gumiütköző/D100/118;Alu-SV;55322252;NINCS;nem;0;;;
Dobozos felépítmény alkatrészek;103654;Öntött sarokelem;Alu-SV;;NINCS;nem;0;;;
Elhúzható rolóponyvás rendszer;66177147;MAX-os első elox oszlop 3000 mm;Alu-SV;66OP177147;NINCS;nem;0;;;
Elhúzható rolóponyvás rendszer;66177137;MAX-os első elox oszlop 3150 mm;Alu-SV;66OP177137;NINCS;nem;0;;;
Elhúzható rolóponyvás rendszer;66177300;MAX-os első elox oszlop 3300 mm;Alu-SV;66OP177127;NINCS;nem;0;;;
Elhúzható rolóponyvás rendszer;6635245;MAX-os hátsó elox oszlop 3000 mm;Alu-SV;66OZ035245;NINCS;nem;0;;;
Elhúzható rolóponyvás rendszer;6635300;MAX-os hátsó elox oszlop 3300 mm;Alu-SV;66OZ035265;NINCS;nem;0;;;
Elhúzható rolóponyvás rendszer;6613576;MINI első FLAT alu oszlop elox;Alu-SV;6612013576;NINCS;nem;0;;;
Platós alkatrészek és kiegészítők;;3515P23 Alumínium zár ellendarab UNI elox;Alu-SV;2ZSB3;NINCS;nem;0;;;
Platós alkatrészek és kiegészítők;117773;Kötőelem csavar;Alu-SV;117773;NINCS;nem;0;;;
Ponyvás oldalfal profilok és szegők;226915/n;"30 mm ""u"" Szegő profil";Alu-SV;6915;NINCS;nem;0;;;
Ponyvás oldalfal profilok és szegők;228240;Felső 100 mm elox profil;Alu-SV;8240;NINCS;nem;0;;;
Rakományrögzítés;121206;Gyűrűs rakományrögzítő 400 daN D40;Alu-SV;2301206;NINCS;nem;0;;;
Rakományrögzítés;1263935;Kombi ponyvatartó rakományrögzítő sín - acél;Alu-SV;226030093500;NINCS;nem;0;;;
Rakományrögzítés;127159;Pálcás rakományrögzítő sín sülly.- alu/5m;Alu-SV;;NINCS;nem;0;;;
Rakományrögzítés;122000;Rakományrögzítő kengyel 1000 dAN P;Alu-SV;3U2000;NINCS;nem;0;;;
Rakományrögzítés;122263;Süllyesztett Airline sín alu 3000mm;Alu-SV;2171226300;NINCS;nem;0;;;
Zárt-dobozos és hűtős profilok;231726/n;B Tömítéses ajtószegő 25 mm;Alu-SV;1317 260-000;NINCS;nem;0;;;
Zárt-dobozos és hűtős profilok;233176;Esőcsatorna elox nagy 7500;Alu-SV;;NINCS;nem;0;;;
Csúszásmentes rétegelt padló;;L 12x1250x2500 mm Natúr rétegelt lemez;BAYU;;NINCS;nem;0;;;
Csúszásmentes rétegelt padló;;L 12x1250x2500 mm rétegelt lemez fenolos;BAYU;;NINCS;nem;0;;;
Csúszásmentes rétegelt padló;;L 15x1500x2500 Rétegelt lemez fenolos;BAYU;;NINCS;nem;0;;;
Csúszásmentes rétegelt padló;;L 15x1500x3000 Rétegelt lemez fenolos;BAYU;;NINCS;nem;0;;;
Csúszásmentes rétegelt padló;;L 15x2150x4000 Rétegelt lemez fenolos;BAYU;;NINCS;nem;0;;;
Csúszásmentes rétegelt padló;;L 21x1500x2500 mm Rétegelt lemez fenolos;BAYU;;NINCS;nem;0;;;
Csúszásmentes rétegelt padló;;L 30x1250x2500 Rétegelt lemez fenolos;BAYU;;NINCS;nem;0;;;
Csúszásmentes rétegelt padló;;L 6,5x1250x2500 mm Natúr rétegelt lemez;BAYU;;NINCS;nem;0;;;
Csúszásmentes rétegelt padló;;L 6,5x1250x2500 mm rétegelt lemez fenolos;BAYU;;NINCS;nem;0;;;
Csúszásmentes rétegelt padló;;L 6,5x1500x3000 mm Natúr rétegelt lemez;BAYU;;NINCS;nem;0;;;
Csúszásmentes rétegelt padló;;L 9x1250x2500 Rétegelt lemez fenolos;BAYU;;NINCS;nem;0;;;
Csúszásmentes rétegelt padló;;L 9x1250x2500mm Natúr rétegelt lemez;BAYU;;NINCS;nem;0;;;
Sárvédők, szerszámosládák;;J50001 Íves sárvédő, 1380/880/400;BMC Flexpar;50001;NINCS;nem;0;;;
Sárvédők, szerszámosládák;;J50002 Íves sárvédő, 1380/880/450;BMC Flexpar;50002;NINCS;nem;0;;;
Sárvédők, szerszámosládák;;J50002/B Íves sárvédő, fehér csíkkal 1380/880/450;BMC Flexpar;BMC;NINCS;nem;0;;;
Sárvédők, szerszámosládák;;J50003 Íves sárvédő, 1380/880/270;BMC Flexpar;50003;NINCS;nem;0;;;
Sárvédők, szerszámosládák;;J50003/B Íves sárvédő, fehér csíkkal 1380/880/270;BMC Flexpar;BMC;NINCS;nem;0;;;
Sárvédők, szerszámosládák;;J50019 450FT Csapott tetejű sárvédő;BMC Flexpar;50019;NINCS;nem;0;;;
Sárvédők, szerszámosládák;;J50019/B 450FT Csapott tetejű sárvédő, fehér csíkkal;BMC Flexpar;50019/B;NINCS;nem;0;;;
Sárvédők, szerszámosládák;;J50027 280FT Csapott tetejű sárvédő;BMC Flexpar;50027;NINCS;nem;0;;;
Sárvédők, szerszámosládák;;J50027/B 280FT Csapott tetejű sárvédő, fehér csíkkal;BMC Flexpar;50027/B;NINCS;nem;0;;;
Sárvédők, szerszámosládák;;J504335 Szerszámos láda 500x430x350 mm;BMC Flexpar;C-504335;NINCS;nem;0;;;
Sárvédők, szerszámosládák;;J605040 Szerszámos láda 600x500x400 mm;BMC Flexpar;C-605040;NINCS;nem;0;;;
Sárvédők, szerszámosládák;;J804550 Szerszámos láda 800x450x500 mm;BMC Flexpar;C-804550;NINCS;nem;0;;;
Alumínium alváz profilok;207833;100x30 mm Aláfutásgátló elox profil;BODEGA;TB27833;NINCS;nem;0;;;
Alumínium alváz profilok;2015290;15 mm Keretprofil elox;BODEGA;TB50290;NINCS;nem;0;;;
Alumínium alváz profilok;2018290;18 mm Keretprofil elox;BODEGA;TB50042;NINCS;nem;0;;;
Alumínium padló profilok;226821/21;Padló profil 200 mm;BODEGA;TB48968;NINCS;nem;0;;;
Ipari félgyártmányok;252981;20x20x3 alu zártszelvény;BODEGA;;NINCS;nem;0;;;
Ipari félgyártmányok;258455;60x40x2,5 R2 alu zártszelvény;BODEGA;TB18455;NINCS;nem;0;;;
Ipari félgyártmányok;252535;60x40x3 alu zártszelvény;BODEGA;;NINCS;nem;0;;;
Ipari félgyártmányok;251659;80x50x4 mm R4 Alu Zártszelvény;BODEGA;TB51659;NINCS;nem;0;;;
Ponyvarendszer kiegészítők;223032;Spitz profil 100 mm;BODEGA;TB53032;NINCS;nem;0;;;
Ponyvarendszer kiegészítők;222005;Spitz profil 150 mm magas T;BODEGA;T1.2005.0;NINCS;nem;0;;;
Ponyvás oldalfal profilok és szegők;228153;"""u"" 25 mm szegő profil elox B";BODEGA;TB28153;NINCS;nem;0;;;
Ponyvás oldalfal profilok és szegők;225455/n;"""u"" 35 mm szegő profil";BODEGA;TB54550;NINCS;nem;0;;;
Ponyvás oldalfal profilok és szegők;225455;"""u"" 35 mm szegő profil elox";BODEGA;TB54550;NINCS;nem;0;;;
Ponyvás oldalfal profilok és szegők;226671;400 mm gumis oldalfal elox;BODEGA;TB36671;NINCS;nem;0;;;
Ponyvás oldalfal profilok és szegők;226795;400 mm peremes gumis oldalfal elox;BODEGA;TB36795;NINCS;nem;0;;;
Ponyvás oldalfal profilok és szegők;225549;400 mm peremes oldalfal elox;BODEGA;TB25549;NINCS;nem;0;;;
Ponyvás oldalfal profilok és szegők;226113;Felső 200 mm elox profil B;BODEGA;TB36113;NINCS;nem;0;;;
Ponyvás oldalfal profilok és szegők;226114;Köztes 200 mm elox profil B;BODEGA;TB36114;NINCS;nem;0;;;
Ponyvás oldalfal profilok és szegők;225040;Köztes 250 mm elox profil;BODEGA;TB50040;NINCS;nem;0;;;
Ponyvás oldalfal profilok és szegők;225040/n;Köztes 250 mm profil;BODEGA;TB50040;NINCS;nem;0;;;
Ponyvás oldalfal profilok és szegők;226253;Köztes ponyvás 200 mm elox profil B;BODEGA;TB36253;NINCS;nem;0;;;
Zárt-dobozos és hűtős profilok;235427;25x35 mm Speciális tető profil;BODEGA;;NINCS;nem;0;;;
Zárt-dobozos és hűtős profilok;235339;25x35 mm Speciális tető profil elox IH;BODEGA;TB50339;NINCS;nem;0;;;
Zárt-dobozos és hűtős profilok;2346457;35x35 mm Speciális tető profil elox HT;BODEGA;TB46457;NINCS;nem;0;;;
Zárt-dobozos és hűtős profilok;235426;Speciális h szegő profil;BODEGA;TB54026;NINCS;nem;0;;;
Dobozos felépítmény alkatrészek;532200;55 mm CC TÖMÍTÉS L: 2850 mm;CNT conta;9.D08.32200.010001;NINCS;nem;0;;;
Dobozos felépítmény alkatrészek;532231;55 mm CENTER profil L: 2850 mm;CNT conta;9.D08.32231.010001;NINCS;nem;0;;;
Dobozos felépítmény alkatrészek;532941;85 mm CC TÖMÍTÉS L: 2850 mm;CNT conta;9.D08.32941.010001;NINCS;nem;0;;;
Dobozos felépítmény alkatrészek;532925;85 mm CENTER profil L: 2850 mm;CNT conta;9.D08.32925.010001;NINCS;nem;0;;;
Sárvédők, szerszámosládák;;JVR35 MINI BOX 350X350X350 mm;COPAR;ICAEA12000N0;NINCS;nem;0;;;
Sárvédők, szerszámosládák;;JVR50 NOVA BOX 500X400X350 mm;COPAR;ICBEB20000N0;NINCS;nem;0;;;
Dobozos felépítmény alkatrészek;7250840;Mágneses ajtórögzítő 200N;Car-Alu;1000991;MEGVAN;igen;0;1000991;DEURVASTZETTER 200N WIT Packed by 1 piece White, synthetic;https://www.caralushop.nl/en/catalog/categories/660
Dobozos felépítmény alkatrészek;107045;Sarok elem 25/25 R profilhoz;Car-Alu;1012270-onb;MEGVAN;igen;2;1012270-ONB;KAPBOL V/HOEKVERBINDINGSPROFIEL raw Packed by 1 piece Mill finished aluminium;https://www.caralushop.nl/en/catalog/categories/710
Dobozos felépítmény alkatrészek;107046;Sarokelem felső RAL9006;Car-Alu;1013021-9006x;MEGVAN;igen;0;1013021-9006X;KAPBOL OVERZET V/HOEKPR. 25,3mm OF 60,5x60,5mm R9006/X grey Packed by 1 piece RAL9006 coated;https://www.caralushop.nl/en/catalog/categories/719
Speciális felépítmény alkatrészek;055960;Műanyag lépcsőnyitó - nagy;Car-Alu;1001025;MEGVAN;igen;0;1001025;INBOUWHANDGREEP 38MM KUNSTSTOF ZWART Packed by 1 piece Black, synthetic;https://www.caralushop.nl/en/catalog/categories/660
Speciális felépítmény alkatrészek;;Q8033 elox Profil keféhez;Car-Alu;1012514-TZ1-6000;MEGVAN;igen;3;1012514-TZ1-6000;ALU SEALING PROFILE F/BRISTLE-silver 1-L= 6,00 m Packed by 1 piece Anodised aluminium (silver) 6.000 mm;https://www.caralushop.nl/en/catalog/categories/1006
Speciális felépítmény alkatrészek;;Q8035 25 mm Kefe;Car-Alu;1012515-zwart-3000;MEGVAN;igen;1;1012515-ZWART-3000;STRIPBORSTEL 25mm IJZER-black-L= 3,00 m Packed by 1 piece Steel 3.000 mm;https://www.caralushop.nl/en/catalog/categories/1006
Speciális felépítmény alkatrészek;;Q8040 Kefe 40 mm elox profillal;Car-Alu;1013163ZWART-3000;MEGVAN;igen;1;1013163-ZWART-3000;STRIPBORSTEL 40mm IJZER-black-L= 3,00 m Packed by 1 piece Steel 3.000 mm;https://www.caralushop.nl/en/catalog/categories/1006
Zárt-dobozos és hűtős profilok;231725;"Belga ""h"" szegő 25 mm elox";Car-Alu;1011356-tz2-7000;MEGVAN;igen;3;1011356-TZ2-7000;DEURPROFIEL-silver 2-L= 7,00 m Anodised aluminium (silver) 7.000 mm;https://www.caralushop.nl/en/catalog/categories/711
Zárt-dobozos és hűtős profilok;231245/n;Esőcsatorna kicsi 5000;Car-Alu;1245 000-000;MEGVAN;igen;1;1245 000-000;Gutter profiles;https://www.caralushop.nl/en/catalog/categories/721
Zárt-dobozos és hűtős profilok;231245;Esőcsatorna kicsi elox 5000;Car-Alu;1010650-TZ2-5000;MEGVAN;igen;3;1010650-TZ2-5000;GOOTLIJST 23,5x18x12,5x1,5mm 50SW-silver 2-L= 5,00 m Packed by 1 piece Anodised aluminium (silver) 5.000 mm;https://www.caralushop.nl/en/catalog/categories/721
Ipari félgyártmányok;251316;40x25x4 mm R zártszelvény;Car-Alu;1316 010-000;NINCS;nem;0;;;
Kédergumik;;"M1 001 ""C""sín - alumínium";Car-Alu;1172 340-000;NINCS;nem;0;;;
Ponyvás oldalfal profilok és szegők;221746;H toldó - szegő profil elox;Car-Alu;1320 090-011;NINCS;nem;0;;;
Speciális felépítmény alkatrészek;092901;Műanyag lépcsőnyitó - kicsi;Car-Alu;;NINCS;nem;0;;;
Speciális felépítmény alkatrészek;;Q8037 Kefe 25 mm elox profillal;Car-Alu;;NINCS;nem;0;;;
Speciális felépítmény alkatrészek;617280;Zár ellendarab ívelt lemez;Car-Alu;7280 112-000;NINCS;nem;0;;;
Zárt-dobozos és hűtős profilok;231726;B Tömítéses ajtószegő 25 mm elox;Car-Alu;1317 260-011;NINCS;nem;0;;;
Zárt-dobozos és hűtős profilok;231729;"B front tömítéses ""u"" ajtószegő 25 mm elox";Car-Alu;1317 290-011;NINCS;nem;0;;;
Zárt-dobozos és hűtős profilok;231725/n;"Belga ""h"" szegő 25 mm";Car-Alu;1317 250-000;NINCS;nem;0;;;
Zárt-dobozos és hűtős profilok;235215;Dobozos keretprofil ívelt elox;Car-Alu;1305 215-011;NINCS;nem;0;;;
Zárt-dobozos és hűtős profilok;233901;Dobozos Íves alsó keretprofil elox 25 mm panelhez;Car-Alu;139001;NINCS;nem;0;;;
Zárt-dobozos és hűtős profilok;231305/n;Esőcsatorna mini 5000;Car-Alu;1305 115-000;NINCS;nem;0;;;
Zárt-dobozos és hűtős profilok;231165;Lépcső sarok profil 20x20 mm elox;Car-Alu;1165 000-001;NINCS;nem;0;;;
Zárt-dobozos és hűtős profilok;232460;"Tömítés az ""u"" ajtószegő profilhoz";Car-Alu;2460 060-000;NINCS;nem;0;;;
Acél profilok;;141520/perf, PU00 Acél keret 110/15/2/5100;Cargoframes Czech;PU00-1101520-H3-5100;NINCS;nem;0;;;
Acél profilok;141265;ACÉL hossztartó 120/60/5 mm;Cargoframes Czech;U0FE-1206005-00;NINCS;nem;0;;;
Acél profilok;141266;ACÉL hossztartó 120/60/6 mm;Cargoframes Czech;U0FE-1206006-00;NINCS;nem;0;;;
Acél profilok;142730;PF50 Acél keret 140/27/3/2500 sima;Cargoframes Czech;PF50-1402730-00-2500;NINCS;nem;0;;;
Acél profilok;141520;PU00 Acél keret 110/15/2/5000;Cargoframes Czech;PU00-1101520-00-5000;NINCS;nem;0;;;
Acél profilok;141521;PU00 Acél keret 115/21/3 mm;Cargoframes Czech;PU00-1152130-00-7500;NINCS;nem;0;;;
Acél profilok;141527;PU00 Acél keret 115/27/3/7500;Cargoframes Czech;PU00-1152730-00-7500;NINCS;nem;0;;;
Acél profilok;142130;PU00 Acél keret 140/21/3/7500;Cargoframes Czech;PU00-1402130-00-7500;NINCS;nem;0;;;
Acél profilok;142430;PU00 Acél keret 140/24/3/7500;Cargoframes Czech;PU00-1402430-00-7500;NINCS;nem;0;;;
Acél profilok;142730;PU00 Acél keret 140/27/3/7500;Cargoframes Czech;PU00-1402730-00-7500;NINCS;nem;0;;;
Acél profilok;142730;PU00 Acél keret 140/27/3/8000;Cargoframes Czech;PU00-1402730-00-8000;NINCS;nem;0;;;
Acél profilok;141224;PUL0 Acél keret 112/24/3 mm;Cargoframes Czech;PUL0-1122430-00-0000;NINCS;nem;0;;;
Ponyvarendszer kiegészítők;100001;Dugó perforált acél kerethez;Cargoframes Czech;ZAS0000001;NINCS;nem;0;;;
Dobozos felépítmény alkatrészek;;0156MNH PVC saroktakaró szalag;Cimaplast;156M;NINCS;nem;0;;;
Dobozos felépítmény alkatrészek;;0156NE PVC Saroktakaró csík, fekete;Cimaplast;54092100;NINCS;nem;0;;;
Dobozos felépítmény alkatrészek;;0157GR PVC Saroktakaró csík, szürke;Cimaplast;;NINCS;nem;0;;;
Dobozos felépítmény alkatrészek;511127;25 mm -es PVC tömítés G;Cimaplast;111C;NINCS;nem;0;;;
Dobozos felépítmény alkatrészek;511132;25 mm -es PVC tömítés G;Cimaplast;111C;NINCS;nem;0;;;
Dobozos felépítmény alkatrészek;511127;25 mm -es PVC tömítés W/B;Cimaplast;111C;NINCS;nem;0;;;
Dobozos felépítmény alkatrészek;517027;30 mm -es PVC tömítés B/W;Cimaplast;70C;NINCS;nem;0;;;
Dobozos felépítmény alkatrészek;513627;35 mm-es PVC tömítés G;Cimaplast;36C;NINCS;nem;0;;;
Dobozos felépítmény alkatrészek;512827;40 mm PVC tömítés N/N;Cimaplast;28C;NINCS;nem;0;;;
Dobozos felépítmény alkatrészek;512827;40 mm PVC tömítés W/B;Cimaplast;28C;NINCS;nem;0;;;
Dobozos felépítmény alkatrészek;514427;44 mm-es PVC térelválasztó tömítés G;Cimaplast;440C;NINCS;nem;0;;;
Dobozos felépítmény alkatrészek;;513627C 35 mm-es PVC tömítés B/W;Cimaplast;36C;NINCS;nem;0;;;
Dobozos felépítmény alkatrészek;515727;55 mm-es PVC tömítés N/N;Cimaplast;570C;NINCS;nem;0;;;
Dobozos felépítmény alkatrészek;;553208/2,5 m PVC ütközésvédő léc CP;Cimaplast;208P;NINCS;nem;0;;;
Dobozos felépítmény alkatrészek;516550;65 mm-es PVC tömítés G;Cimaplast;016527;NINCS;nem;0;;;
Dobozos felépítmény alkatrészek;516245;65 mm-es PVC tömítés N/N;Cimaplast;245C;NINCS;nem;0;;;
Dobozos felépítmény alkatrészek;553208/3;M PVC ütközésvédő léc CP;Cimaplast;208P;NINCS;nem;0;;;
Elhúzható rolóponyvás rendszer;;E87370 Edscha takaró gumi COMPACT 110;Cimaplast;4038087370;NINCS;nem;0;;;
Elhúzható rolóponyvás rendszer;214209;"Takaró gumi acél ""C"" sínhez CP";Cimaplast;209M;NINCS;nem;0;;;
Acél és alu rakoncák és szegők;227686;50x35x3,5 mm R4 oszlop profil elox;Constellium Decin;7686;NINCS;nem;0;;;
Alumínium alváz profilok;202387;"""I"" 70 Kereszttartó";Constellium Decin;12387;NINCS;nem;0;;;
Alumínium alváz profilok;207319;"""I"" 90 Kereszttartó";Constellium Decin;7319;NINCS;nem;0;;;
Alumínium alváz profilok;2073902;"""I"" 90 csavarozható kereszttartó";Constellium Decin;10902;NINCS;nem;0;;;
Alumínium alváz profilok;207315;"""I""108 kereszttartó";Constellium Decin;6005A /T6;NINCS;nem;0;;;
Alumínium alváz profilok;207317;"""U"" 108 Hossztartó";Constellium Decin;7317;NINCS;nem;0;;;
Alumínium alváz profilok;202386;"""U"" 130 Hossztartó";Constellium Decin;12386;NINCS;nem;0;;;
Alumínium alváz profilok;207316;"""U"" 90 Hossztartó";Constellium Decin;7316;NINCS;nem;0;;;
Alumínium alváz profilok;202388;15/70 mm Keretprofil elox CD;Constellium Decin;12388;NINCS;nem;0;;;
Alumínium alváz profilok;2018652;18 mm Keretprofil erősített elox;Constellium Decin;8652;NINCS;nem;0;;;
Alumínium alváz profilok;206941;CD 100x30 mm Aláfutásgátló elox profil;Constellium Decin;6941;NINCS;nem;0;;;
Alumínium alváz profilok;208477;CD2 100x30 mm Aláfutásgátló elox profil;Constellium Decin;8477;NINCS;nem;0;;;
Alumínium alváz profilok;208755;"Hossztartó, talpas 140/6 magas,120/10; 60/8 mm";Constellium Decin;8755;NINCS;nem;0;;;
Alumínium alváz profilok;207318;Keret profil 90/18mm elox;Constellium Decin;7318;NINCS;nem;0;;;
Alumínium padló profilok;227543/30;Padló profil 200 mm;Constellium Decin;7543;NINCS;nem;0;;;
Alumínium padló profilok;227543/30;Padló profil 200 mm ELOX;Constellium Decin;7543;NINCS;nem;0;;;
Elhúzható rolóponyvás rendszer;6612225;Első oszlop 90/70 alu elox D;Constellium Decin;12225;NINCS;nem;0;;;
Elhúzható rolóponyvás rendszer;6612226;Hátsó oszlop 128/35 alu elox D;Constellium Decin;12226;NINCS;nem;0;;;
Ipari félgyártmányok;222891;Zártszelvény 60x30x2,5 R2,5 elox;Constellium Decin;12891;NINCS;nem;0;;;
Ponyvarendszer kiegészítők;226900;100x25 mm Ponyvatartó zártszelvény D;Constellium Decin;6900;NINCS;nem;0;;;
Ponyvás oldalfal profilok és szegők;228197;Alsó szakállas 100 mm elox profil;Constellium Decin;8197;NINCS;nem;0;;;
Ponyvás oldalfal profilok és szegők;227783;Alsó szakállas 200 mm elox profil;Constellium Decin;7783;NINCS;nem;0;;;
Ponyvás oldalfal profilok és szegők;227948;Alsó tömítéses 100 mm elox profil;Constellium Decin;7948;NINCS;nem;0;;;
Ponyvás oldalfal profilok és szegők;227784;Alsó tömítéses 200 mm elox profil;Constellium Decin;7784;NINCS;nem;0;;;
Ponyvás oldalfal profilok és szegők;227047;Felső 200 mm elox profil;Constellium Decin;7047;NINCS;nem;0;;;
Ponyvás oldalfal profilok és szegők;227047/n;Felső 200 mm profil;Constellium Decin;7047;NINCS;nem;0;;;
Ponyvás oldalfal profilok és szegők;227046;Köztes 200 mm elox profil;Constellium Decin;7046;NINCS;nem;0;;;
Ponyvás oldalfal profilok és szegők;227046/CK10;Köztes 200 mm elox profil;Constellium Decin;12579;NINCS;nem;0;;;
Ponyvás oldalfal profilok és szegők;227046/n;Köztes 200 mm profil;Constellium Decin;7046;NINCS;nem;0;;;
Ponyvás oldalfal profilok és szegők;224230;Köztes 250 mm elox profil CD;Constellium Decin;14230;NINCS;nem;0;;;
Ponyvás oldalfal profilok és szegők;224230/n;Köztes 250 mm profil CD;Constellium Decin;14230;NINCS;nem;0;;;
Ponyvás oldalfal profilok és szegők;227045;Köztes ponyvás 200 mm elox profil;Constellium Decin;7045;NINCS;nem;0;;;
Ponyvás oldalfal profilok és szegők;227045/n;Köztes ponyvás 200 mm profil;Constellium Decin;7045;NINCS;nem;0;;;
Zárt-dobozos és hűtős profilok;237847/n;"""h"" Ajtószegő 30 mm D";Constellium Decin;7847;NINCS;nem;0;;;
Zárt-dobozos és hűtős profilok;237870;25x25 mm utánfutó sarokprofil elox;Constellium Decin;7870;NINCS;nem;0;;;
Zárt-dobozos és hűtős profilok;237905/n;25x35 mm íves sarokprofil R50;Constellium Decin;7905;NINCS;nem;0;;;
Zárt-dobozos és hűtős profilok;237460/n;260 mm I Koptató profil;Constellium Decin;;NINCS;nem;0;;;
Zárt-dobozos és hűtős profilok;237460;260 mm I Koptató profil elox;Constellium Decin;7460;NINCS;nem;0;;;
Zárt-dobozos és hűtős profilok;234235;35x35 mm íves sarokprofil elox D;Constellium Decin;14235;NINCS;nem;0;;;
Zárt-dobozos és hűtős profilok;232189;50x170 mm L Belső védőprofil elox;Constellium Decin;;NINCS;nem;0;;;
Zárt-dobozos és hűtős profilok;237461/n;50x260 mm L Belső védőprofil;Constellium Decin;7461;NINCS;nem;0;;;
Zárt-dobozos és hűtős profilok;237461;50x260 mm L Belső védőprofil elox;Constellium Decin;7461;NINCS;nem;0;;;
Zárt-dobozos és hűtős profilok;237767;"60x60 ""L"" profil elox";Constellium Decin;7767;NINCS;nem;0;;;
Zárt-dobozos és hűtős profilok;238087;70x110 mm L külső elox;Constellium Decin;8087;NINCS;nem;0;;;
Zárt-dobozos és hűtős profilok;236825;80x80 mm L profil elox;Constellium Decin;7753;NINCS;nem;0;;;
Zárt-dobozos és hűtős profilok;231543;Dobozos keret elox 134/80;Constellium Decin;;NINCS;nem;0;;;
Zárt-dobozos és hűtős profilok;237971;Hűtős keretprofil nyitott elox;Constellium Decin;;NINCS;nem;0;;;
Zárt-dobozos és hűtős profilok;238645;"Külső ""L"" profil 140x80mm elox";Constellium Decin;8645;NINCS;nem;0;;;
Zárt-dobozos és hűtős profilok;237846/n;Tömítéses ajtószegő 30 mm D;Constellium Decin;7846;NINCS;nem;0;;;
Speciális felépítmény alkatrészek;614603;"""B"" Oldalajtó zárszerkezet FEKETE";D.LaPorte;2141199DR;NINCS;nem;0;;;
Speciális felépítmény alkatrészek;614602;"""J"" Oldalajtó zárszerkezet";D.LaPorte;61.4600.0002;NINCS;nem;0;;;
Speciális felépítmény alkatrészek;615003;"Belsőzárszerk. oldalajtóhoz 500 mm kar ""B""";D.LaPorte;61.5101.0003;NINCS;nem;0;;;
Speciális felépítmény alkatrészek;700020;Kulcs+zárbetét;D.LaPorte;44.0113.8704;NINCS;nem;0;;;
Speciális felépítmény alkatrészek;615102;Külső oldalajtó kilincs;D.LaPorte;53.4560.0004;NINCS;nem;0;;;
Speciális felépítmény alkatrészek;700021;Ládaajtózár zárt;D.LaPorte;58.4713.0201;NINCS;nem;0;;;
Speciális felépítmény alkatrészek;700011;Ládaajtózár zárt nyitott;D.LaPorte;58.4713.0101;NINCS;nem;0;;;
Speciális felépítmény alkatrészek;615104;Oldalajtózár belső 500 mm kar (jobb);D.LaPorte;;NINCS;nem;0;;;
Speciális felépítmény alkatrészek;615103;Oldalajtózár kompetten (bal);D.LaPorte;;NINCS;nem;0;;;
Speciális felépítmény alkatrészek;615501;Oldalsó zárszerkezet ládazárhoz (bal) zárcsappal;D.LaPorte;61.5005.0001;NINCS;nem;0;;;
Speciális felépítmény alkatrészek;615502;Oldalsó zárszerkezet ládazárhoz (jobb) zárcsappal;D.LaPorte;61.5005.0002;NINCS;nem;0;;;
Speciális felépítmény alkatrészek;615000;Zárcsap;D.LaPorte;07.2122, 01.4022;NINCS;nem;0;;;
Acél és alu rakoncák és szegők;351208;DG -TOP;DG;12-0008;NINCS;nem;0;;;
Acél és alu rakoncák és szegők;352530/31;DG 400 Rakonca középső szegő J-B;DG;06-2530 06-2531;NINCS;nem;0;;;
Acél és alu rakoncák és szegők;35003/4;DG 500 Első rakonca J-B;DG;12-5003;NINCS;nem;0;;;
Acél és alu rakoncák és szegők;35001/2;DG 500 Hátsó rakonca J-B;DG;12-5001;NINCS;nem;0;;;
Acél és alu rakoncák és szegők;35000;DG 500 Köztes rakonca;DG;12-5000;NINCS;nem;0;;;
Acél és alu rakoncák és szegők;352500/10;DG Első 400 mm-es rakonca J-B;DG;06-25000.01/25010.01;NINCS;nem;0;;;
Acél és alu rakoncák és szegők;351263/4;DG Első 600 mm-es rakonca J-B;DG;12-6003, 12-6004;NINCS;nem;0;;;
Acél és alu rakoncák és szegők;352532/33;DG Hátsó 400 mm rakonca szegő J-B;DG;06-2532 06-2533;NINCS;nem;0;;;
Acél és alu rakoncák és szegők;352550/60;DG Hátsó 400 mm-es rakonca J-B;DG;06-25050.01,25060.01;NINCS;nem;0;;;
Acél és alu rakoncák és szegők;351261/2;DG Hátsó 600 mm-es rakonca J-B;DG;12-6001;NINCS;nem;0;;;
Acél és alu rakoncák és szegők;352570;DG TOP köztes 400 mm-es rakonca;DG;06-25070.01;NINCS;nem;0;;;
Acél és alu rakoncák és szegők;351213/4;DG első 1000 mm-es rakonca J-B;DG;;NINCS;nem;0;;;
Acél és alu rakoncák és szegők;351283/4;DG első 800 mm-es rakonca J-B;DG;12-8003;NINCS;nem;0;;;
Acél és alu rakoncák és szegők;351281/2;DG hátsó 800 mm-es rakonca J-B;DG;12-8001, 12-8002;NINCS;nem;0;;;
Acél és alu rakoncák és szegők;351210;DG köztes 1000 mm-es rakonca;DG;;NINCS;nem;0;;;
Acél és alu rakoncák és szegők;352540/NT;DG köztes 400 mm-es rakonca;DG;06-25040.01;NINCS;nem;0;;;
Acél és alu rakoncák és szegők;351260;DG köztes 600 mm-es rakonca;DG;12-6000;NINCS;nem;0;;;
Acél és alu rakoncák és szegők;351280;DG köztes 800 mm-es rakonca;DG;12-8000;NINCS;nem;0;;;
Acél és alu rakoncák és szegők;351243/4;KDG első 400 mm-es rakonca J-B;DG;12-4003, 12-4004;NINCS;nem;0;;;
Acél és alu rakoncák és szegők;351241/2;KDG hátsó 400 mm-es rakonca J-B;DG;12-4001, 12-4002;NINCS;nem;0;;;
Acél és alu rakoncák és szegők;351240;KDG köztes 400 mm-es rakonca NT;DG;12-4000;NINCS;nem;0;;;
Acél és alu rakoncák és szegők;356511;Rakonca ellendarab hátsó;DG;30-0511ZF;NINCS;nem;0;;;
Acél és alu rakoncák és szegők;356510;Rakonca ellendarab oldalsó;DG;30-0510ZF;NINCS;nem;0;;;
Dobozos felépítmény alkatrészek;811400;RM hátsóajtó zsanérlap 280/4 mm DM;Demolli;;NINCS;nem;0;;;
Elhúzható rolóponyvás rendszer;216516;Ponyvagörgő acél sínhez csapágyas;Dost;40-SPR-0048-8;NINCS;nem;0;;;
Elhúzható rolóponyvás rendszer;211115;Ponyvagörgő acél sínhez hajlított;Dost;401115;NINCS;nem;0;;;
Elhúzható rolóponyvás rendszer;211410;"Rakonca kocsi acél ""C"" sínhez";Dost;401410;NINCS;nem;0;;;
Italszállító KIT;;212105A Italszállító ajtó profil alsó görgő R D;Dost;EHP-05A;NINCS;nem;0;;;
Italszállító KIT;;212105B Italszállító ajtó profil alsó görgő L D;Dost;EHP-05B;NINCS;nem;0;;;
Italszállító KIT;211308;Italszállító Zárszerkezet D;Dost;EHP-08;NINCS;nem;0;;;
Italszállító KIT;212104;Italszállító ajtó profil felső görgő D;Dost;EHP-04;NINCS;nem;0;;;
Italszállító KIT;212107;Italszállító ponyva görgő alsó D;Dost;EHP-07;NINCS;nem;0;;;
Italszállító KIT;212106;Italszállító ponyva görgő felső D;Dost;EHP-06;NINCS;nem;0;;;
Dobozos felépítmény alkatrészek;;8BT1MB RM hátsóajtó zsanérlap+bak 260/3mm MP;EMEPE;BT1MB;NINCS;nem;0;;;
Dobozos felépítmény alkatrészek;;MP CEM Inox fészek;EMEPE;CEM1;NINCS;nem;0;;;
Dobozos felépítmény alkatrészek;;MP CEM Inox fészek + MP LEM kampó KIT;EMEPE;KLC-EM1;NINCS;nem;0;;;
Dobozos felépítmény alkatrészek;;MP CFEM003 Alátét a zárhoz;EMEPE;CFEM003;NINCS;nem;0;;;
Dobozos felépítmény alkatrészek;;MP FEM16003/25 Süllyesztett rúdzár inox;EMEPE;FEM16003-25;NINCS;nem;0;;;
Dobozos felépítmény alkatrészek;;MP FEM16003/29 Süllyesztett rúdzár inox;EMEPE;FEM16003-29;NINCS;nem;0;;;
Dobozos felépítmény alkatrészek;;MP FEX16 001 Nyomólapos rúdzár;EMEPE;FEX16001;NINCS;nem;0;;;
Dobozos felépítmény alkatrészek;;MP FEX16 001+KLCEX31/KB3A Nyomólapos rúdzár szett;EMEPE;FEX16001,KLC-E31,KB3;NINCS;nem;0;;;
Dobozos felépítmény alkatrészek;;MP FEX27 002+KLCEX11/KB1G Nyomólapos rúdzár szett;EMEPE;FEX27002,KLC-E11,KB1;NINCS;nem;0;;;
Dobozos felépítmény alkatrészek;;MP KB2A 22 mm omega lefogató 33-22;EMEPE;KB2A;NINCS;nem;0;;;
Dobozos felépítmény alkatrészek;;MP KB2B 22 mm nagy omega 130-22;EMEPE;KB2B;NINCS;nem;0;;;
Dobozos felépítmény alkatrészek;;MP KB2E KIT omega lefogató 22 mm;EMEPE;KB2E;NINCS;nem;0;;;
Dobozos felépítmény alkatrészek;;MP KB3A Omega lefogató 16 mm;EMEPE;KB3A;NINCS;nem;0;;;
Dobozos felépítmény alkatrészek;;MP KLC-EM2 Inox fészek+kampó;EMEPE;;NINCS;nem;0;;;
Dobozos felépítmény alkatrészek;;MP KLC-EX31 KIT 16 Zárkampó+ellendarab;EMEPE;KLC-EX31;NINCS;nem;0;;;
Dobozos felépítmény alkatrészek;;MP LEM Inox kampó;EMEPE;LEM1;NINCS;nem;0;;;
Dobozos felépítmény alkatrészek;;MP22 FEX22001 RM Nyomólapos rúdzár;EMEPE;FEX22001;NINCS;nem;0;;;
Dobozos felépítmény alkatrészek;;MP22 KLC-EX41 RM kampó+fészek;EMEPE;KLC-EX41;NINCS;nem;0;;;
Dobozos felépítmény alkatrészek;;MP22 KLCB-EX41E RM kampó+fészek+omegák KIT;EMEPE;KLCB-EX41E;NINCS;nem;0;;;
Alumínium alváz profilok;203183;250/25 mm Aláfutásgátló elox profil;ESAL;S021318375;NINCS;nem;0;;;
Alumínium alváz profilok;205535;Íves aláfutásgátló végzáró elox profil;ESAL;250535;NINCS;nem;0;;;
Dobozos felépítmény alkatrészek;729629;"Húspálya ""C"" sín elox 6000 mm";ESAL;S0296296;NINCS;nem;0;;;
Dobozos felépítmény alkatrészek;729630;"Húspálya ""C"" sín elox 7000 mm";ESAL;S0296297;NINCS;nem;0;;;
Ipari félgyártmányok;255004;100x50x4 mm Alu zártszelvény;ESAL;6060A/ T6;NINCS;nem;0;;;
Ipari félgyártmányok;254020;"40x20x2 Alu ""L"" profil";ESAL;402002;NINCS;nem;0;;;
Ponyvarendszer kiegészítők;102439;Dugó spitzprofilhoz 150 mm magas;ESAL;12439;NINCS;nem;0;;;
Ponyvarendszer kiegészítők;201092;Spanner profil;ESAL;21092;NINCS;nem;0;;;
Ponyvarendszer kiegészítők;203101;Spanner profil;ESAL;7KPB3101;NINCS;nem;0;;;
Ponyvás oldalfal profilok és szegők;222020;"""h"" szegő, kiugrós 25 mm elox";ESAL;S02500206;NINCS;nem;0;;;
Ponyvás oldalfal profilok és szegők;227075;200 mm MONO profil teli szakálas elox;ESAL;S02877075;NINCS;nem;0;;;
Ponyvás oldalfal profilok és szegők;245085;"Bill. ""u"" szegő 30 mm (40/60) elox";ESAL;S02500856;NINCS;nem;0;;;
Zárt-dobozos és hűtős profilok;237005;142 mm I Koptató profil elox;ESAL;T1.7005.1;NINCS;nem;0;;;
Zárt-dobozos és hűtős profilok;231381;25 mm Díszléc alu 3000 mm;ESAL;C01MT205;NINCS;nem;0;;;
Zárt-dobozos és hűtős profilok;232134;285 mm I Koptató profil elox;ESAL;2134;NINCS;nem;0;;;
Zárt-dobozos és hűtős profilok;233837;OR Tömítéses ajtószegő 35 mm elox;ESAL;213837;NINCS;nem;0;;;
Zárt-dobozos és hűtős profilok;234002;Tömítés a szegő profilhoz OR;ESAL;GK40020;NINCS;nem;0;;;
Ipari félgyártmányok;251010;"100x100x8 Alu ""L"" profil";EXAL;EXL1001008N;NINCS;nem;0;;;
Ipari félgyártmányok;255032;50x30x2,5 Alu zártszelvény 6000 mm;EXAL;EXZ50302-5N;NINCS;nem;0;;;
Ponyvarendszer kiegészítők;223520;Ponyvacső 35x2 mm;EXAL;EXO352N/7000;NINCS;nem;0;;;
Elhúzható rolóponyvás rendszer;;E/COMPACT CS tolótető rendszer;Edscha;;NINCS;nem;0;;;
Elhúzható rolóponyvás rendszer;;E/COMPACT FIX tető rendszer;Edscha;;NINCS;nem;0;;;
Elhúzható rolóponyvás rendszer;;E/COMPACT tetőprofil 900407/5000;Edscha;29600;NINCS;nem;0;;;
Elhúzható rolóponyvás rendszer;;E/COMPACT tetőprofil 900407/5600;Edscha;29600;NINCS;nem;0;;;
Elhúzható rolóponyvás rendszer;;E/COMPACT tetőprofil 900407/6600;Edscha;29600;NINCS;nem;0;;;
Elhúzható rolóponyvás rendszer;;E/COMPACT tetőprofil 900407/7800;Edscha;29600;NINCS;nem;0;;;
Elhúzható rolóponyvás rendszer;;E/COMPACT tetőprofil 900407/8000;Edscha;29600;NINCS;nem;0;;;
Elhúzható rolóponyvás rendszer;;E/MEDIUM tetőprofil 9500 mm;Edscha;;NINCS;nem;0;;;
Elhúzható rolóponyvás rendszer;;E/Ponyvagörgő 85810;Edscha;735016;NINCS;nem;0;;;
Elhúzható rolóponyvás rendszer;;E/SESAM FIX Volumen KIT;Edscha;;NINCS;nem;0;;;
Elhúzható rolóponyvás rendszer;;E/Small tetőprofil 6600 mm;Edscha;C3311;NINCS;nem;0;;;
Elhúzható rolóponyvás rendszer;;E/Small tetőprofil 7800 mm;Edscha;C3311;NINCS;nem;0;;;
Elhúzható rolóponyvás rendszer;;E/Small tetőprofil 8200 mm;Edscha;C3311;NINCS;nem;0;;;
Elhúzható rolóponyvás rendszer;;E/TailWing 1200 mm;Edscha;210420570;NINCS;nem;0;;;
Elhúzható rolóponyvás rendszer;;E/TailWing 400-900 mm;Edscha;210420560;NINCS;nem;0;;;
Elhúzható rolóponyvás rendszer;;E/VOLUMEN tetőprofil 900301/10000;Edscha;29395;NINCS;nem;0;;;
Elhúzható rolóponyvás rendszer;;E/VOLUMEN tetőprofil 900301/7800;Edscha;29395;NINCS;nem;0;;;
Elhúzható rolóponyvás rendszer;;E/VOLUMEN tetőprofil 900301/8500;Edscha;29395;NINCS;nem;0;;;
Elhúzható rolóponyvás rendszer;;E/VOLUMEN tetőprofil 900301/9000;Edscha;29395;NINCS;nem;0;;;
Elhúzható rolóponyvás rendszer;;E/VOLUMEN tetőprofil 900301/9400;Edscha;29395;NINCS;nem;0;;;
Elhúzható rolóponyvás rendszer;;E/VOLUMEN tetőprofil 900301/9600;Edscha;29395;NINCS;nem;0;;;
Elhúzható rolóponyvás rendszer;;E21042 Elhúzó kocsi 2200 mm;Edscha;;NINCS;nem;0;;;
Elhúzható rolóponyvás rendszer;;E210422558 Elhúzó kocsi 2550 mm;Edscha;210422558;NINCS;nem;0;;;
Elhúzható rolóponyvás rendszer;;E235421 Szerelő készlet;Edscha;235420001;NINCS;nem;0;;;
Elhúzható rolóponyvás rendszer;;E38067930 Compact csuklópánt 650 mm;Edscha;4138067930;NINCS;nem;0;;;
Elhúzható rolóponyvás rendszer;;E4038068710 Biztosító készlt COMPACT;Edscha;4038068710;NINCS;nem;0;;;
Elhúzható rolóponyvás rendszer;;E4038069900 COMPACT lezáró ponyvához 2550 mm;Edscha;4038069900;NINCS;nem;0;;;
Elhúzható rolóponyvás rendszer;;E4069000940 Elhúzó kocsi COMPACT TW/1200 mm;Edscha;4069010920;NINCS;nem;0;;;
Elhúzható rolóponyvás rendszer;;E4069000940 Elhúzó kocsi COMPACT normál /2550 mm;Edscha;4069000940;NINCS;nem;0;;;
Elhúzható rolóponyvás rendszer;;E4069002960 Elhúzó kocsi COMPACT SMALL/2550 mm;Edscha;4069002960;NINCS;nem;0;;;
Elhúzható rolóponyvás rendszer;;E4069009030 130-as COMPACT normál lezáró 2550 mm;Edscha;4069009030;NINCS;nem;0;;;
Elhúzható rolóponyvás rendszer;;E40696690 Indítóprofil készlet COMPACT;Edscha;4069006690;NINCS;nem;0;;;
Elhúzható rolóponyvás rendszer;;E422552 Tetőkereszttartó 2550 mm;Edscha;192422552;NINCS;nem;0;;;
Elhúzható rolóponyvás rendszer;;E422590 Csavarozható tetőkereszttartó 2550;Edscha;192422590;NINCS;nem;0;;;
Elhúzható rolóponyvás rendszer;;E42587 Csuklópánt 700 mm;Edscha;194258700;NINCS;nem;0;;;
Elhúzható rolóponyvás rendszer;;E50502 Edscha takarógumi tetőprofilhoz;Edscha;243250502;NINCS;nem;0;;;
Elhúzható rolóponyvás rendszer;;E62430 Elhúzó rúd;Edscha;38062430;NINCS;nem;0;;;
Elhúzható rolóponyvás rendszer;;E69000690 130-as lezáró 2550 mm;Edscha;69000690;NINCS;nem;0;;;
Elhúzható rolóponyvás rendszer;;E69001370 190-es lezáró 2550 mm;Edscha;69001370;NINCS;nem;0;;;
Elhúzható rolóponyvás rendszer;;E69004670 Compact FIX Tetőkereszttartó 2550 mm;Edscha;69004670;NINCS;nem;0;;;
Elhúzható rolóponyvás rendszer;;E69004740 CS-Compact tetőkereszttartó 2550 mm;Edscha;4069004740;NINCS;nem;0;;;
Elhúzható rolóponyvás rendszer;;E87370 Edscha takaró gumi COMPACT 110 SZÜRKE 14M;Edscha;511012;NINCS;nem;0;;;
Elhúzható rolóponyvás rendszer;;EDSCHA tolótető CS STANDARD KIT;Edscha;;NINCS;nem;0;;;
Elhúzható rolóponyvás rendszer;;EDSCHA tolótető CS Volumen KIT;Edscha;;NINCS;nem;0;;;
Alumínium alváz profilok;206441;"""I"" gerenda profil 80x60/50x8,6 mm";Exlabesa ES;06441;NINCS;nem;0;;;
Ponyvarendszer kiegészítők;220233;150x25 mm Ponyvatartó zártszelvény;Exlabesa ES;20233;NINCS;nem;0;;;
Ponyvarendszer kiegészítők;226887;Spitz profil 140 mm magas;Exlabesa ES;06887;NINCS;nem;0;;;
Alumínium alváz profilok;200392;"""I"" 90/60 Kereszttartó EX";Exlabesa PL;50392;NINCS;nem;0;;;
Alumínium alváz profilok;207327;"""TL"" 110/60/60 Hossztartó EX";Exlabesa PL;37327;NINCS;nem;0;;;
Alumínium alváz profilok;209695;"""U"" 110/60 Hossztartó duplanútolt EX";Exlabesa PL;39695;NINCS;nem;0;;;
Alumínium padló profilok;222910/30;Padló profil 200 mm EXL;Exlabesa PL;29100;NINCS;nem;0;;;
Alumínium padló profilok;207776/30;Padló profil 220 mm EX;Exlabesa PL;37776;NINCS;nem;0;;;
Alumínium padló profilok;225630/55;Padló profil 250 mm zárt;Exlabesa PL;05630;NINCS;nem;0;;;
Elhúzható rolóponyvás rendszer;6639692;MAX első oszlop EXL elox;Exlabesa PL;39692;NINCS;nem;0;;;
Elhúzható rolóponyvás rendszer;6639604;MAX hátsó oszlop EXL elox;Exlabesa PL;39604;NINCS;nem;0;;;
Zárt-dobozos és hűtős profilok;237301;45x300x3 mm L Belső bokaléc védőprofil elox;Exlabesa PL;130301;NINCS;nem;0;;;
Zárt-dobozos és hűtős profilok;237712/13;"Dupla alu csiga zsanér ""u"" 25 mm elox";Exlabesa PL;37712;NINCS;nem;0;;;
Zárt-dobozos és hűtős profilok;238210;Lamella TARTÓ profil EX;Exlabesa PL;38210;NINCS;nem;0;;;
Zárt-dobozos és hűtős profilok;238209;Lamella profil 200 mm EX;Exlabesa PL;38209;NINCS;nem;0;;;
Billencs alkatrészek;35014251/2;- 400-as billencs első rakonca R/L;FTS;35900402;MEGVAN;igen;1;35900402;Piantone Stretto 100/60 verniciatura in Cataforesi;https://www.fts-farina.it/prodotto/piantone-stretto-100-60-verniciatura-in-cataforesi/
Billencs alkatrészek;35014051/2;- 400/500-as hátsó billencs rakonca R/L acél zsebbel;FTS;35900405;MEGVAN;igen;1;35900405;Piantone Stretto 100/60 verniciatura in Cataforesi;https://www.fts-farina.it/prodotto/piantone-stretto-100-60-verniciatura-in-cataforesi/
Billencs alkatrészek;145010;- 50 mm-es gömbcsukló készlet 3,5t;FTS;25350100;MEGVAN;igen;2;25350100;25375100 – Kit sfere orizzontali Ø75- Portata max 12 Ton.;https://www.fts-farina.it/prodotto/25375100-kit-sfere-orizzontali-o75-portata-max-12-ton/
Billencs alkatrészek;142304;Billencs nyitókar B;FTS;15012304;MEGVAN;igen;2;15012304;15012304 – Leva comando Sinistra per apertura cerniere;https://www.fts-farina.it/prodotto/15012304-leva-comando-sinistra-per-apertura-cerniere/
Billencs alkatrészek;142303;Billencs nyitókar J;FTS;15012303;MEGVAN;igen;2;15012303;15012303 – Leva comando Destra per apertura cerniere;https://www.fts-farina.it/prodotto/15012303-leva-comando-destra-per-apertura-cerniere/
Billencs alkatrészek;3514430/1;Billencs rakonca szegő egyenes R/L;FTS;35144300/301;MEGVAN;igen;1;35144300;Piantone Stretto 100/60 verniciatura in Cataforesi;https://www.fts-farina.it/prodotto/piantone-stretto-100-60-verniciatura-in-cataforesi/
Billencs alkatrészek;352240;Ellendarabos szegő 400mm R+L;FTS;35220400;MEGVAN;igen;2;35220400;Piantone in alluminio TL35 S/BATTUTA;https://www.fts-farina.it/prodotto/piantone-in-alluminio-tl35-s-battuta/
Billencs alkatrészek;352260;Ellendarabos szegő 600mm R+L;FTS;35220600/R/L;MEGVAN;igen;2;35220600;Piantone in alluminio TL35 S/BATTUTA;https://www.fts-farina.it/prodotto/piantone-in-alluminio-tl35-s-battuta/
Billencs alkatrészek;146012;Szivattyú 12V;FTS;14600012;MEGVAN;igen;1;14600012;14600012 – Centralina completa 12 Volt;https://www.fts-farina.it/prodotto/14600012-centralina-completa-12-volt/
Billencs alkatrészek;140319;Szivattyú 24V 3000W 20L 1P3.1CC;FTS;770319;MEGVAN;igen;0;3000;Cerniera TILA;https://www.fts-farina.it/prodotto/cerniera-tila/
Billencs alkatrészek;354424;Top-Kuplung;FTS;35442401;MEGVAN;igen;2;35442401;35442401 – Gancio Grezzo per Articolazione Superiore;https://www.fts-farina.it/prodotto/35442401-gancio-grezzo-per-articolazione-superiore/
Dobozos felépítmény alkatrészek;508820;1 fokos létra horg.;FTS;50298820;MEGVAN;igen;2;50298820;50298820 – Scaletta leggera zincata estraibile a 1 gradino;https://www.fts-farina.it/prodotto/50298820-scaletta-leggera-zincata-estraibile-a-1-gradino/
Dobozos felépítmény alkatrészek;5030270;2 fokos létra + platform TH;FTS;50430270;MEGVAN;igen;2;50430270;50430270 – Scaletta estraibile con pedana a 2 gradini zincata a caldo;https://www.fts-farina.it/prodotto/50430270-scaletta-estraibile-con-pedana-a-2-gradini-zincata-a-caldo/
Dobozos felépítmény alkatrészek;501927;2 fokos létra TH platform;FTS;50419270;MEGVAN;igen;3;50419270;Scaletta estraibile con pedana a 2 gradini compatta;https://www.fts-farina.it/prodotto/scaletta-estraibile-con-pedana-a-2-gradini-compatta/
Dobozos felépítmény alkatrészek;502210;2 fokos létra horg.;FTS;50292210;MEGVAN;igen;2;50292210;50292210 – Scaletta leggera zincata estraibile a 2 gradini;https://www.fts-farina.it/prodotto/50292210-scaletta-leggera-zincata-estraibile-a-2-gradini/
Dobozos felépítmény alkatrészek;508665;2 fokos létra horg.;FTS;50398665;MEGVAN;igen;2;50398665;50398665 – Scaletta zincata estraibile 2 gradini con asole;https://www.fts-farina.it/prodotto/50398665-scaletta-zincata-estraibile-2-gradini-con-asole/
Dobozos felépítmény alkatrészek;056402;2 részes rugós ajtókiakasztó szet;FTS;80700800;MEGVAN;igen;2;80700800;80700800 – Ferma porta autoallineante zincato;https://www.fts-farina.it/prodotto/80700800-ferma-porta-autoallineante-zincato/
Dobozos felépítmény alkatrészek;820128/L;210 mm Rugós Rigli RM;FTS;20128610;MEGVAN;igen;2;20128610;20128610/1 – Perno a molla grande in inox;https://www.fts-farina.it/prodotto/20128610-1-perno-a-molla-grande-in-inox/
Dobozos felépítmény alkatrészek;820129/L;247 mm Rugós Rigli horg;FTS;20128510/1;MEGVAN;igen;2;20128510;20128510/1 – Perno a molla grande zinc.;https://www.fts-farina.it/prodotto/20128510-1-perno-a-molla-grande-zinc/
Dobozos felépítmény alkatrészek;504665;3 fokos létra horganyzott;FTS;50400665;MEGVAN;igen;2;50400665;50400665 – Scaletta zincata estraibile 3 gradini con asole;https://www.fts-farina.it/prodotto/50400665-scaletta-zincata-estraibile-3-gradini-con-asole/
Dobozos felépítmény alkatrészek;504927;6 fokos létra TH;FTS;50449270;MEGVAN;igen;2;50449270;50449270 – Scala estraibile 6 gradini zincata AT600;https://www.fts-farina.it/prodotto/50449270-scala-estraibile-6-gradini-zincata-at600/
Dobozos felépítmény alkatrészek;836500;D18 horg hátsóajtózár KIT TS;FTS;80365000;MEGVAN;igen;2;80365000;80365000 – Chiusura sottoporta zincata Ø18;https://www.fts-farina.it/prodotto/80365000-chiusura-sottoporta-zincata-o18/
Dobozos felépítmény alkatrészek;836821/L;D22 konténer rúdzár RM. kit TS;FTS;80368210/L;MEGVAN;igen;1;80368210;Chiusura esterna SL2 per tubo Ø22;https://www.fts-farina.it/prodotto/chiusura-esterna-sl2-per-tubo-o22/
Dobozos felépítmény alkatrészek;836821/R;D22 konténer rúdzár RM. kit TS;FTS;80368210/R;MEGVAN;igen;1;80368210;Chiusura esterna SL2 per tubo Ø22;https://www.fts-farina.it/prodotto/chiusura-esterna-sl2-per-tubo-o22/
Dobozos felépítmény alkatrészek;836931;D34 konténer rúdzár horg. kit;FTS;80369310;MEGVAN;igen;2;80369310;80369310 – Chiusura esterna Container Zincata per tubo Ø34;https://www.fts-farina.it/prodotto/80369310-chiusura-esterna-container-zincata-per-tubo-o34/
Dobozos felépítmény alkatrészek;501952;Fix Thorg. oldalajtó fellépő létra;FTS;50195200;MEGVAN;igen;3;50195200;Gradino sagomato H=240;https://www.fts-farina.it/prodotto/gradino-sagomato-h240/
Dobozos felépítmény alkatrészek;552280;Gumi ütközőgyűrű D21,5x7,5 mm;FTS;55228000;MEGVAN;igen;2;55228000;55228000 – Tampone paracolpi cilindico in gomma Ø21×7,5;https://www.fts-farina.it/prodotto/55228000-tampone-paracolpi-cilindico-in-gomma-o21x75/
Dobozos felépítmény alkatrészek;831245;Gumis zsanér L:2500 mm;FTS;54631245;MEGVAN;igen;1;54631245;Cerniera TILA;https://www.fts-farina.it/prodotto/cerniera-tila/
Dobozos felépítmény alkatrészek;831230;Gumis zsanér L:3000 mm;FTS;54631430;MEGVAN;igen;1;54631430;Cerniera TILA;https://www.fts-farina.it/prodotto/cerniera-tila/
Dobozos felépítmény alkatrészek;831440;Gumis zsanér L:4000 mm;FTS;54631440;MEGVAN;igen;1;54631440;Cerniera TILA;https://www.fts-farina.it/prodotto/cerniera-tila/
Dobozos felépítmény alkatrészek;806070;Horg. konténerajó zsanér, lépcsős 130/61 mm;FTS;80600700;MEGVAN;igen;2;80600700;80600700 – Cerniera per container zincato;https://www.fts-farina.it/prodotto/80600700-cerniera-per-container-zincato/
Dobozos felépítmény alkatrészek;806308;Horganyzott oldalajtó zsanér 140/179 mm;FTS;80600300;MEGVAN;igen;3;80600300;Cerniera laterale salto gomma;https://www.fts-farina.it/prodotto/cerniera-laterale-salto-gomma/
Dobozos felépítmény alkatrészek;832410;Horganyzott pillangó zsanér 60x60;FTS;80324100;MEGVAN;igen;3;80324100;Cerniera Farfalla;https://www.fts-farina.it/prodotto/cerniera-farfalla/
Dobozos felépítmény alkatrészek;728972;Húskampó 60mm csőhöz;FTS;75500445;MEGVAN;igen;2;75500445;75500445 – Gancio carne Inox tipo europa;https://www.fts-farina.it/prodotto/75500445-gancio-carne-inox-tipo-europa/
Dobozos felépítmény alkatrészek;806287;INOX oldalajtó zsanér 184/65 zsírzós;FTS;80600287;MEGVAN;igen;3;80600287;Cerniera laterale piana con ingrassatore;https://www.fts-farina.it/prodotto/cerniera-laterale-piana-con-ingrassatore/
Dobozos felépítmény alkatrészek;891200;Kis kapaszkodó;FTS;80901200;MEGVAN;igen;1;80901200;80901200 – Maniglia di risalita in poliuretano nero tipo “Panda”;https://www.fts-farina.it/prodotto/80901200-maniglia-di-risalita-in-poliuretano-nero-tipo-panda/
Dobozos felépítmény alkatrészek;552825;Kúpos ütközőgumi 27,5/25;FTS;55282500;MEGVAN;igen;2;55282500;55282500 – Tampone paracolpi cilindico in gomma Ø27×25;https://www.fts-farina.it/prodotto/55282500-tampone-paracolpi-cilindico-in-gomma-o27x25/
Dobozos felépítmény alkatrészek;553541;Kúpos ütközőgumi 45/60/35;FTS;55003541;MEGVAN;igen;2;55003541;55003541 – Tampone paracolpi conico con smussi in gomma;https://www.fts-farina.it/prodotto/55003541-tampone-paracolpi-conico-con-smussi-in-gomma/
Dobozos felépítmény alkatrészek;555575;Kúpos ütközőgumi 55/75/40;FTS;55005575;MEGVAN;igen;2;55005575;55005575 – Tampone paracolpi conico in gomma;https://www.fts-farina.it/prodotto/55005575-tampone-paracolpi-conico-in-gomma/
Dobozos felépítmény alkatrészek;556575;Kúpos ütközőgumi 65/75/50;FTS;55006575;MEGVAN;igen;2;55006575;55006575 – Tampone paracolpi conico in gomma;https://www.fts-farina.it/prodotto/55006575-tampone-paracolpi-conico-in-gomma/
Dobozos felépítmény alkatrészek;557575;Kúpos ütközőgumi 75/75/50;FTS;55007575;MEGVAN;igen;2;55007575;55007575 – Tampone paracolpi conico in gomma;https://www.fts-farina.it/prodotto/55007575-tampone-paracolpi-conico-in-gomma/
Dobozos felépítmény alkatrészek;891235;Nagy kapaszkodó;FTS;80901235;MEGVAN;igen;1;80901235;80901235 – Maniglia di risalita in poliuretano nero;https://www.fts-farina.it/prodotto/80901235-maniglia-di-risalita-in-poliuretano-nero/
Dobozos felépítmény alkatrészek;899210/C;RM hátsóajtó zsanérbak TS;FTS;80399210/C;MEGVAN;igen;1;80399210;80399210 – Cerniera posteriore in Inox composto da cardine e perno;https://www.fts-farina.it/prodotto/80399210-cerniera-posteriore-in-inox-composto-da-cardine-e-perno/
Dobozos felépítmény alkatrészek;899210;RM hátsóajtó zsanérlap+bak 280/3 TS;FTS;80399210;MEGVAN;igen;1;80399210;80399210 – Cerniera posteriore in Inox composto da cardine e perno;https://www.fts-farina.it/prodotto/80399210-cerniera-posteriore-in-inox-composto-da-cardine-e-perno/
Dobozos felépítmény alkatrészek;806307;RM oldalajtó zsanér, lépcsős 140/179 mm;FTS;80600307;MEGVAN;igen;3;80600307;Cerniera laterale salto gomma;https://www.fts-farina.it/prodotto/cerniera-laterale-salto-gomma/
Dobozos felépítmény alkatrészek;806407;RM oldalajtó zsanér, lépcsős 183 mm;FTS;80600407;MEGVAN;igen;2;80600407;Cerniera salto gomma work;https://www.fts-farina.it/prodotto/cerniera-salto-gomma-work/
Dobozos felépítmény alkatrészek;832420;RM pillangó zsanér 60x60;FTS;80324200;MEGVAN;igen;3;80324200;Cerniera Farfalla;https://www.fts-farina.it/prodotto/cerniera-farfalla/
Dobozos felépítmény alkatrészek;808872;RM zongora zsanér 40x1,5x1970 mm;FTS;80088720;MEGVAN;igen;1;80088720;Cerniera a libro in Inox senza fori con perno in Inox;https://www.fts-farina.it/prodotto/cerniera-a-libro-in-inox-senza-fori-con-perno-in-inox/
Dobozos felépítmény alkatrészek;820128;Rugós Rigli RM;FTS;20128210;MEGVAN;igen;2;20128210;20128210 – Perno a molla piccolo in inox;https://www.fts-farina.it/prodotto/20128210-perno-a-molla-piccolo-in-inox/
Dobozos felépítmény alkatrészek;820129;Rugós Rigli horg;FTS;20128110;MEGVAN;igen;2;20128110;20128110 – Perno a molla piccolo zincato;https://www.fts-farina.it/prodotto/20128110-perno-a-molla-piccolo-zincato/
Dobozos felépítmény alkatrészek;829611;Rugós ajtókitámasztó 500/270mm TS;FTS;80296110;MEGVAN;igen;2;80296110;80296110 – Ferma porta sottotelaio con attacco piatto zincato;https://www.fts-farina.it/prodotto/80296110-ferma-porta-sottotelaio-con-attacco-in-piano-zincato/
Dobozos felépítmény alkatrészek;829691;Rugós ajtókitámasztó 500/280 Inox TS;FTS;80296910;MEGVAN;igen;1;80296910;80296910 – Fermaporta sottotelaio con attacco sagomato Inox;https://www.fts-farina.it/prodotto/80296910-fermaporta-sottotelaio-con-attacco-sagomato-inox/
Dobozos felépítmény alkatrészek;829631;Rugós ajtórögzítő horg 440/270mm TS;FTS;80296310;MEGVAN;igen;2;80296310;80296310 – Fermaporta sottotelaio con attacco a squadro zincato;https://www.fts-farina.it/prodotto/80296310-fermaporta-sottotelaio-con-attacco-a-squadro-zincato/
Dobozos felépítmény alkatrészek;829681;Rugós ajtórögzítő horg 545/410mm TS;FTS;80296810;MEGVAN;igen;2;80296810;80296810 – Fermaporta sottototelaio con attac. a squadro tipo francese zincato;https://www.fts-farina.it/prodotto/80296810-fermaporta-sottototelaio-con-attac-a-squadro-tipo-francese-zincato/
Dobozos felépítmény alkatrészek;729143;Sínrőgzítő láncal húspályasínhez RM;FTS;75539143;MEGVAN;igen;2;75539143;75539143 – Coppia supporti Inox per fissaggio per bloccaggio guidovia con catena;https://www.fts-farina.it/prodotto/75539143-coppia-supporti-inox-per-fissaggio-per-bloccaggio-guidovia-con-catena/
Dobozos felépítmény alkatrészek;552118;Ütközőgumi 150x60x60;FTS;55200118;MEGVAN;igen;2;55200118;55200118 – Tampone paracolpi in gomma 150x60x60;https://www.fts-farina.it/prodotto/55200118-tampone-paracolpi-in-gomma-150x60x60/
Dobozos felépítmény alkatrészek;552080;Ütközőgumi 200x80x80;FTS;55200800;MEGVAN;igen;2;55200800;55200800 – Tampone paracolpi in gomma 200x80x80;https://www.fts-farina.it/prodotto/55200800-tampone-paracolpi-in-gomma-200x80x80/
Dobozos felépítmény alkatrészek;552155;Ütközőgumi 215x50x55;FTS;55215505;MEGVAN;igen;2;55215505;55215505 – Tampone paracolpi in gomma 215x50x55;https://www.fts-farina.it/prodotto/55215505-tampone-paracolpi-in-gomma-215x50x55/
Dobozos felépítmény alkatrészek;553065;Ütközőgumi 300x65x70;FTS;55307065;MEGVAN;igen;2;55307065;55307065 – Tampone paracolpi in gomma 300x65x70;https://www.fts-farina.it/prodotto/55307065-tampone-paracolpi-in-gomma-300x65x70/
Dobozos felépítmény alkatrészek;552594;Ütközőgumi 400x65x70;FTS;55200594;MEGVAN;igen;2;55200594;55200594 – Tampone paracolpi in gomma 400x65x70;https://www.fts-farina.it/prodotto/55200594-tampone-paracolpi-in-gomma-400x65x70/
Dobozos felépítmény alkatrészek;554540;Ütközőgumi 450x40x60;FTS;55045040;MEGVAN;igen;2;55045040;55045040 – Tampone paracolpi in gomma 450x40x60;https://www.fts-farina.it/prodotto/55045040-tampone-paracolpi-in-gomma-450x40x60/
Dobozos felépítmény alkatrészek;555490;Ütközőgumi 490x45x40;FTS;55500490;MEGVAN;igen;2;55500490;55500490 – PROFILO PARASPONDE NERO L.490;https://www.fts-farina.it/prodotto/55500490-profilo-parasponde-nero-l-490/
Elhúzható rolóponyvás rendszer;211210;Ponyvagörgő ALU sínhez;FTS;36200110;MEGVAN;igen;2;36200110;36200110 – Carrucola ruote in nylon Ø30;https://www.fts-farina.it/prodotto/36200110-carrucola-ruote-in-nylon-o30/
Platós alkatrészek és kiegészítők;451871;Alváz rögzítő konzol 10/12-14/16;FTS;45187110;MEGVAN;igen;2;45187110;45187110 – Supporto fissaggio chassis zincato spessori 10/12-14/16;https://www.fts-farina.it/prodotto/45187110-supporto-fissaggio-chassis-zincato-spessori-10-12-14-16/
Platós alkatrészek és kiegészítők;452871;Alváz rögzítő konzol 4/5-5/6;FTS;45287110;MEGVAN;igen;2;45287110;45287110 – Supporto fissaggio chassis zincato spessori 4/5-5/6;https://www.fts-farina.it/prodotto/45287110-supporto-fissaggio-chassis-zincato-spessori-4-5-5-6/
Platós alkatrészek és kiegészítők;452921;Alváz rögzítő konzol 7/8-10/12;FTS;45292110;MEGVAN;igen;2;45292110;45292110 – Supporto fissaggio chassis zincato spessori 7/8-10/12;https://www.fts-farina.it/prodotto/45292110-supporto-fissaggio-chassis-zincato-spessori-7-8-10-12/
Platós alkatrészek és kiegészítők;307955/TH;Aláfutásgátló konzol 550 mm;FTS;57900155;MEGVAN;igen;3;57900155;Parabiciclette ribaltabile H.550;https://www.fts-farina.it/prodotto/parabiciclette-ribaltabile-h-550/
Platós alkatrészek és kiegészítők;307955;Aláfutásgátló konzol 550 mm horg.;FTS;57900055;MEGVAN;igen;3;57900055;Parabiciclette ribaltabile H.550;https://www.fts-farina.it/prodotto/parabiciclette-ribaltabile-h-550/
Platós alkatrészek és kiegészítők;309055;Aláfutásgátló konzol 700 mm horg.;FTS;58900055;MEGVAN;igen;3;58900055;Parabiciclette ribaltabile H.700;https://www.fts-farina.it/prodotto/parabiciclette-ribaltabile-h-700/
Platós alkatrészek és kiegészítők;5032110;Békazár 140 mm + ellendarab;FTS;10352110;MEGVAN;igen;3;10352110;Chiusura a laccio;https://www.fts-farina.it/prodotto/chiusura-a-laccio/
Platós alkatrészek és kiegészítők;352540;Egymásba záródó Z-zár 400;FTS;35250400;MEGVAN;igen;1;35250400;35100500 – Montante Centrale per Piantone TL35 – 35250400;https://www.fts-farina.it/prodotto/35100500-montante-centrale-per-piantone-tl35-35250400/
Platós alkatrészek és kiegészítők;456511;Horganyzott EUROCARGO konzol;FTS;45165110;MEGVAN;igen;2;45165110;Supporto falso telaio EUROCARGO;https://www.fts-farina.it/prodotto/supporto-falso-telaio-eurocargo/
Platós alkatrészek és kiegészítők;507110;Horganyzott fellépő;FTS;50170110;MEGVAN;igen;3;50170110;Pedana salita con fermo;https://www.fts-farina.it/prodotto/pedana-salita-con-fermo/
Platós alkatrészek és kiegészítők;456320;Horganyzott kiskonzol DAILY L.50-H.70;FTS;45163200;MEGVAN;igen;3;45163200;Supporto falso telaio DAILY L.50 H.70;https://www.fts-farina.it/prodotto/supporto-falso-telaio-daily-l-50-h-70/
Platós alkatrészek és kiegészítők;456610;Horganyzott kiskonzol IVECO;FTS;45163100;MEGVAN;igen;3;45163100;Supporto falso telaio leggero DAILY L.50 H.90;https://www.fts-farina.it/prodotto/supporto-falso-telaio-leggero-daily-l-50-h-90/
Platós alkatrészek és kiegészítők;456330;Horganyzott kiskonzol IVECO Új;FTS;45163300;MEGVAN;igen;3;45163300;Supporto falso telaio DAILY L.70 H.90;https://www.fts-farina.it/prodotto/supporto-falso-telaio-daily-l-70-h-90/
Platós alkatrészek és kiegészítők;451771;Horganyzott nagykonzol IVECO 45 mm;FTS;45177100;MEGVAN;igen;3;45177100;Supporto falso telaio;https://www.fts-farina.it/prodotto/supporto-falso-telaio/
Platós alkatrészek és kiegészítők;451721;Horganyzott nagykonzol MAN 50 mm;FTS;45172110;MEGVAN;igen;3;45172110;Supporto falso telaio pesante;https://www.fts-farina.it/prodotto/supporto-falso-telaio-pesante/
Platós alkatrészek és kiegészítők;;M12x140 Rugós felfüggesztés;FTS;25800100;MEGVAN;igen;2;25800100;25800100 – Sistema di fissaggio elastico M12x140;https://www.fts-farina.it/prodotto/25800100-sistema-di-fissaggio-elastico-m12x140/
Platós alkatrészek és kiegészítők;;M18x140 Rugós felfüggesztés;FTS;25850100;MEGVAN;igen;2;25850100;25850100 – Sistema di fissaggio elastico pesante M18x140;https://www.fts-farina.it/prodotto/25850100-sistema-di-fissaggio-elastico-pesante-m18x140/
Platós alkatrészek és kiegészítők;152711;Menetes lapka 30mm;FTS;15270110;MEGVAN;igen;2;15270110;35030023 – Taschetta Zincata K4;https://www.fts-farina.it/prodotto/35030023-taschetta-zincata-k4/
Platós alkatrészek és kiegészítők;354400;Nem peremes 400 Z-zár R+L;FTS;35140400;MEGVAN;igen;2;35140400;Piantone PLANAE in alluminio Senza Battuta maniglia Zincata;https://www.fts-farina.it/prodotto/piantone-planae-in-alluminio-senza-battuta-maniglia-zincata/
Platós alkatrészek és kiegészítők;354500;Nem peremes 500 mm Z-zár R+L;FTS;35140500;MEGVAN;igen;2;35140500;Piantone PLANAE in alluminio Senza Battuta maniglia Zincata;https://www.fts-farina.it/prodotto/piantone-planae-in-alluminio-senza-battuta-maniglia-zincata/
Platós alkatrészek és kiegészítők;354600;Nem peremes 600 mm Z-zár R+L;FTS;35140600;MEGVAN;igen;2;35140600;Piantone PLANAE in alluminio Senza Battuta maniglia Zincata;https://www.fts-farina.it/prodotto/piantone-planae-in-alluminio-senza-battuta-maniglia-zincata/
Platós alkatrészek és kiegészítők;354800;Nem peremes 800 mm Z-zár R+L;FTS;35140800;MEGVAN;igen;2;35140800;Piantone PLANAE in alluminio Senza Battuta maniglia Zincata;https://www.fts-farina.it/prodotto/piantone-planae-in-alluminio-senza-battuta-maniglia-zincata/
Platós alkatrészek és kiegészítők;453881;Nyers alváz konzol /5 mm;FTS;45388100;MEGVAN;igen;2;45388100;45388100 – Supporto falso di telaio grezzo;https://www.fts-farina.it/prodotto/45388100-supporto-falso-di-telaio-grezzo/
Platós alkatrészek és kiegészítők;453991;Nyers alváz konzol /6 mm;FTS;45399100;MEGVAN;igen;2;45399100;45399100 – Supporto falso di telaio pesante grezzo;https://www.fts-farina.it/prodotto/45399100-supporto-falso-di-telaio-pesante-grezzo/
Platós alkatrészek és kiegészítők;456610/R;Nyers kiskonzol IVECO;FTS;45166100;MEGVAN;igen;3;45166100;Supporto falso telaio leggero DAILY L.50 H.90;https://www.fts-farina.it/prodotto/supporto-falso-telaio-leggero-daily-l-50-h-90/
Platós alkatrészek és kiegészítők;357400;Peremes Z-zár 400 mm R+L;FTS;35160400;MEGVAN;igen;2;35160400;Piantone PLANAE in alluminio Con Battuta maniglia Zincata con Sicura;https://www.fts-farina.it/prodotto/piantone-planae-in-alluminio-con-battuta-maniglia-zincata-con-sicura/
Platós alkatrészek és kiegészítők;357500;Peremes Z-zár 500 mm R+L;FTS;35170500;MEGVAN;igen;2;35170500;Piantone PLANAE in alluminio Con Battuta maniglia Zincata;https://www.fts-farina.it/prodotto/piantone-planae-in-alluminio-con-battuta-maniglia-zincata/
Platós alkatrészek és kiegészítők;357401;Peremes Z-zár 600 mm R+L;FTS;35170600;MEGVAN;igen;2;35170600;Piantone PLANAE in alluminio Con Battuta maniglia Zincata;https://www.fts-farina.it/prodotto/piantone-planae-in-alluminio-con-battuta-maniglia-zincata/
Platós alkatrészek és kiegészítők;501029;TH Pótkeréktartó 1235x450 mm TS;FTS;50102900;MEGVAN;igen;3;50102900;50102900 – Porta ruota zincato a caldo 385/65 R22,5 con rulli;https://www.fts-farina.it/prodotto/50102900-porta-ruota-zincato-a-caldo-385-65-r225-con-rulli/
Platós alkatrészek és kiegészítők;152815/1;TIR-zsanér anya;FTS;15281510;MEGVAN;igen;3;15281510;Cerniera Tir leggera BM;https://www.fts-farina.it/prodotto/cerniera-tir-leggera-bm/
Platós alkatrészek és kiegészítők;152815/2;TIR-zsanér apa;FTS;15280510;MEGVAN;igen;3;15280510;Perno Tir leggero BM;https://www.fts-farina.it/prodotto/perno-tir-leggero-bm/
Platós alkatrészek és kiegészítők;152760;TIR-zsanér apa rész alu-hoz;FTS;15276110;MEGVAN;igen;0;15276110;15276110 – Perno in Lamiera Stampata Zincato Ø12;https://www.fts-farina.it/prodotto/15276110-perno-in-lamiera-stampata-zincato-o12/
Platós alkatrészek és kiegészítők;152823;TIR-zsanér garnitúra RM;FTS;15282310/15280310;MEGVAN;igen;3;15282310;Cerniera Tir leggera BM;https://www.fts-farina.it/prodotto/cerniera-tir-leggera-bm/
Platós alkatrészek és kiegészítők;152814;TIR-zsanér garnitúra TH;FTS;15281410/15280410;MEGVAN;igen;3;15281410;Cerniera Tir leggera BM;https://www.fts-farina.it/prodotto/cerniera-tir-leggera-bm/
Platós alkatrészek és kiegészítők;152811;TIR-zsanér garnitúra horg.;FTS;15279110;MEGVAN;igen;1;15279110;15279110 – Piastrina zincata Int.50;https://www.fts-farina.it/prodotto/15279110-piastrina-zincata-int-50/
Platós alkatrészek és kiegészítők;152791;TIR-zsanér lapka 50mm;FTS;15279110;MEGVAN;igen;1;15279110;15279110 – Piastrina zincata Int.50;https://www.fts-farina.it/prodotto/15279110-piastrina-zincata-int-50/
Platós alkatrészek és kiegészítők;152781;TIR-zsanér lapka 70mm;FTS;15278110;MEGVAN;igen;1;15278110;15278110 – Piastrina zincata Int.70;https://www.fts-farina.it/prodotto/15278110-piastrina-zincata-int-70/
Ponyvarendszer kiegészítők;103055;100 x 30 mm Dugó aláfutásgátlóhoz;FTS;58923055;MEGVAN;igen;2;58923055;58923055 – Tappo in pcv per profilo diritto;https://www.fts-farina.it/prodotto/58923055-tappo-in-pcv-per-profilo-diritto/
Ponyvarendszer kiegészítők;100516;100x25 Dugó zártszelvényhez;FTS;55160100;MEGVAN;igen;2;55160100;55160100 – Tappo asta centina in gomma;https://www.fts-farina.it/prodotto/55160100-tappo-asta-centina-in-gomma/
Ponyvarendszer kiegészítők;104130;100x25 mm horganyzott szegecselhető deszkatartó zseb;FTS;45104135;MEGVAN;igen;2;45104135;45104135 – Supporto asta centina zincata L.25 con fori;https://www.fts-farina.it/prodotto/45104135-supporto-asta-centina-zincata-l-25-con-fori/
Ponyvarendszer kiegészítők;380021/SS;Alsó adapter 27-es csőhöz;FTS;34480021/ss;MEGVAN;igen;2;34480021;34480021/SS – Innesto a Taglio in Inox per profilo Ø27;https://www.fts-farina.it/prodotto/34480021-ss-innesto-a-taglio-in-inox-per-profilo-o27/
Ponyvarendszer kiegészítők;380020/SS;Alsó adapter 27-es csőhöz szögletes;FTS;34480020/ss;MEGVAN;igen;2;34480020;34480020/SS – Innesto a quadro in inox per profilo Ø27;https://www.fts-farina.it/prodotto/34480020-ss-innesto-a-quadro-in-inox-per-profilo-o27/
Ponyvarendszer kiegészítők;380018/SS;Alsó adapter 27-es csőhöz, kocka;FTS;34480018/ss;MEGVAN;igen;2;34480018;34480018/SS – Innesto Inferiore Inox attacco quadro;https://www.fts-farina.it/prodotto/34480018-ss-innesto-inferiore-inox-attacco-quadro/
Ponyvarendszer kiegészítők;380017;Alsó adapter 34-es csőhöz;FTS;34480017;MEGVAN;igen;2;34480017;34480017 – Innesto a taglio per profilo Ø34;https://www.fts-farina.it/prodotto/34480017-innesto-a-taglio-per-profilo-o34/
Ponyvarendszer kiegészítők;105510;D35 mm Gumiágy;FTS;45155101;MEGVAN;igen;2;45155101;45155101 – Solo gomma Ø35;https://www.fts-farina.it/prodotto/45155101-solo-gomma-o35/
Ponyvarendszer kiegészítők;106220;D35 mm acél tartó;FTS;45155102;MEGVAN;igen;2;45155102;45155102 – Solo piastrina Ø35;https://www.fts-farina.it/prodotto/45155102-solo-piastrina-o35/
Ponyvarendszer kiegészítők;101100;D50 mm gumiágy+ acél tartó;FTS;45151100;MEGVAN;igen;2;45151100;45151100 – Supporto tubo centina PVC Ø50;https://www.fts-farina.it/prodotto/45151100-supporto-tubo-centina-pvc-o50/
Ponyvarendszer kiegészítők;104285;D60 Csődugó;FTS;50154285;MEGVAN;igen;2;50154285;50154285 – Supporto tubo centina PVC Ø60;https://www.fts-farina.it/prodotto/50154285-supporto-tubo-centina-pvc-o60/
Ponyvarendszer kiegészítők;100451;Deszkatartó zseb;FTS;45150100;MEGVAN;igen;2;45150100;45150100 – Supporto asta centina grezza L=25;https://www.fts-farina.it/prodotto/45150100-supporto-asta-centina-grezza-l25/
Ponyvarendszer kiegészítők;380019;Felső adapter 27-es csőhöz;FTS;34480019;MEGVAN;igen;2;34480019;34480019/SS – Tappo in Inox per profilo Ø27;https://www.fts-farina.it/prodotto/34480019-ss-tappo-in-inox-per-profilo-o27/
Ponyvarendszer kiegészítők;380011;Felső adapter 34-es csőhöz;FTS;34480011;MEGVAN;igen;1;34480011;34480011 – Tappo superiore per profilo Ø34;https://www.fts-farina.it/prodotto/34480011-tappo-superiore-per-profilo-o34/
Ponyvarendszer kiegészítők;381071;Feszítő kocka sliccelt adapterhez TS;FTS;34480045/R/L;MEGVAN;igen;2;34480045;34480045/R – Tenditore destro zincato attacco a taglio Ø25;https://www.fts-farina.it/prodotto/34480045-r-tenditore-destro-zincato-attacco-a-taglio-o25/
Ponyvarendszer kiegészítők;381073;Feszítő kocka szögletes adapterhez;FTS;34480055/R/L;MEGVAN;igen;2;34480055;34480055/R – Tenditore destro zincato attacco a squadro 12×12;https://www.fts-farina.it/prodotto/34480055-r-tenditore-destro-zincato-attacco-a-squadro-12x12/
Ponyvarendszer kiegészítők;380061;Racsnis feszítő L;FTS;34480061;MEGVAN;igen;2;34480061;34480061 – Tenditore TR sinistro in dacromet attac. a taglio Ø25;https://www.fts-farina.it/prodotto/34480061-tenditore-tr-sinistro-in-dacromet-attac-a-taglio-o25/
Ponyvarendszer kiegészítők;380060;Racsnis feszítő R;FTS;34480060;MEGVAN;igen;2;34480060;34480060 – Tenditore TR destro in dacromet attac. a taglio Ø25;https://www.fts-farina.it/prodotto/34480060-tenditore-tr-destro-in-dacromet-attac-a-taglio-o25/
Ponyvarendszer kiegészítők;100110;Seprűtartó 80 mm;FTS;45070110;MEGVAN;igen;1;45070110;45070110 – Supporto porta utensili zincato da Ø28÷Ø40;https://www.fts-farina.it/prodotto/45070110-supporto-porta-utensili-zincato-da-o28%c3%b7o40/
Ponyvarendszer kiegészítők;380810;TTS racsnis feszítő, kétoldalas;FTS;34480010;MEGVAN;igen;0;34480010;34480010 – Tenditore zincato doppio attacco a taglio Ø25;https://www.fts-farina.it/prodotto/34480010-tenditore-zincato-doppio-attacco-a-taglio-o25/
Ponyvarendszer kiegészítők;381420;Tekerő kurbli;FTS;34480041;MEGVAN;igen;2;34480041;34480041 – Maniglia zincata per tenditore;https://www.fts-farina.it/prodotto/34480041-maniglia-zincata-per-tenditore/
Ponyvarendszer kiegészítők;100591;Íves aláfutásgátló végzáró PVC;FTS;58924056;MEGVAN;igen;2;58924056;58924056 – Tappo d’angolo in pvc con perni;https://www.fts-farina.it/prodotto/58924056-tappo-dangolo-in-pvc-con-perni/
Rakományrögzítés;125310;3-részes rakományrögzítő ovál tányér 800 kg;FTS;45095310;MEGVAN;igen;2;45095310;45095310 – Anello fermacarico zincato con base ovale;https://www.fts-farina.it/prodotto/45095310-anello-fermacarico-zincato-con-base-ovale/
Rakományrögzítés;121127;Kombi rakományrögzítő sín - acél MAGNELIS;FTS;50033111;MEGVAN;igen;3;50033111;Profili Fermacarico orizzontale F-TRACK;https://www.fts-farina.it/prodotto/profili-fermacarico-orizzontale-f-track/
Rakományrögzítés;123320;Kombi rakományrögzítő sín - alumínium;FTS;50033320;MEGVAN;igen;3;50033320;Profili Fermacarico orizzontale F-TRACK;https://www.fts-farina.it/prodotto/profili-fermacarico-orizzontale-f-track/
Rakományrögzítés;121129;Kombi rakományrögzítő sín - inox;FTS;50033210;MEGVAN;igen;3;50033210;Profili Fermacarico orizzontale F-TRACK;https://www.fts-farina.it/prodotto/profili-fermacarico-orizzontale-f-track/
Rakományrögzítés;123350;Műanyag végzár kombi sínhez;FTS;50033500;MEGVAN;igen;1;50033500;50033500 – Tappo in pvc per profili orizzontali;https://www.fts-farina.it/prodotto/50033500-tappo-in-pvc-per-profili-orizzontali/
Rakományrögzítés;128510;PVC-talpas rakományrögzítő 500 kg;FTS;45098510;MEGVAN;igen;3;45098510;45098510 – Anello fermacarico zincato con base in pvc;https://www.fts-farina.it/prodotto/45098510-anello-fermacarico-zincato-con-base-in-pvc/
Rakományrögzítés;128110;Padlóba heg. rak. rögz. 2500 daN;FTS;45098110;MEGVAN;igen;2;45098110;Anello fermacarico incassato;https://www.fts-farina.it/prodotto/anello-fermacarico-incassato/
Rakományrögzítés;122303;Padlóba süllyesztehtő INOX rak. rögzítő tányér;FTS;45020303;MEGVAN;igen;2;45020303;Anello fermacarico leggero senza molla;https://www.fts-farina.it/prodotto/anello-fermacarico-leggero-senza-molla/
Rakományrögzítés;129310;Padlóba süllyesztehtő. horg.rak. rögzítő tányér 1000 daN;FTS;45093110;MEGVAN;igen;3;45093110;Anello fermacarico pesante con molla;https://www.fts-farina.it/prodotto/anello-fermacarico-pesante-con-molla/
Rakományrögzítés;127199;Pálcás rakományrögzítő sín sülly.- alu/PVC 3m;FTS;50071099;MEGVAN;igen;1;50071099;50071099 – Profilo in alluminio con protezione in pvc;https://www.fts-farina.it/prodotto/50071099-profilo-in-alluminio-con-protezione-in-pvc/
Rakományrögzítés;129111;Rak.rögz. kengyel+lapka 2500 daN TS;FTS;45091110;MEGVAN;igen;1;2500;50090323 – Attacco quadruplo ARILINE;https://www.fts-farina.it/prodotto/50090323-attacco-quadruplo-ariline/
Rakományrögzítés;127515;Rakományrögzítő kengyel 2000 kg TS;FTS;45097515;MEGVAN;igen;3;45097515;45097515 – Anello fermacarico Reus zincato;https://www.fts-farina.it/prodotto/45097515-anello-fermacarico-reus-zincato/
Rakományrögzítés;129711;Rakományrögzítő kengyel 2500 daN TS;FTS;45097110;MEGVAN;igen;2;45097110;45097110 – Anello fermacarico zincato completo di dadi;https://www.fts-farina.it/prodotto/45097110-anello-fermacarico-zincato-completo-di-dadi/
Rakományrögzítés;126510;Rakományrögzítő kengyel nyers alátéttel;FTS;45096510;MEGVAN;igen;2;45096510;45096510 – Anello fermacarico zincato con piastra grezza;https://www.fts-farina.it/prodotto/45096510-anello-fermacarico-zincato-con-piastra-grezza/
Rakományrögzítés;121030;Rakományrögzítő rúd acél 2200;FTS;50071033;MEGVAN;igen;1;50071033;50071033 – Barra zincata fermacarico reg. 2085÷2485 Innesto Ø19/Ø24;https://www.fts-farina.it/prodotto/50071033-barra-zincata-fermacarico-reg-2085%c3%b72485-innesto-o19-24/
Rakományrögzítés;121032;Rakományrögzítő rúd acél 2500;FTS;50071031;MEGVAN;igen;1;50071031;50071031 – Barra zincata fermacarico reg. 2360÷2760 Innesti Ø19/Ø24;https://www.fts-farina.it/prodotto/50071031-barra-zincata-fermacarico-reg-2360%c3%b72760-innesti-o19-o24/
Rakományrögzítés;128315;Rakományrözítő fül nyers;FTS;45098315;MEGVAN;igen;2;45098315;Anello fermacarico a comparsa;https://www.fts-farina.it/prodotto/anello-fermacarico-a-comparsa/
Rakományrögzítés;127210;Rozsdamentes rakományrözítő fül;FTS;80272210;MEGVAN;igen;3;80272210;Maniglia sponda con molla;https://www.fts-farina.it/prodotto/80272210-maniglia-per-sponda-in-inox-con-molla/
Rakományrögzítés;123412;Spanifer L: 8 m 5000 kg dupla kampós;FTS;34128000;MEGVAN;igen;1;34128000;34128000 – Cinghia con tensore e bloccaggio ganci a griffe L.8 Mt.;https://www.fts-farina.it/prodotto/34128000-cinghia-con-tensore-e-bloccaggio-ganci-a-griffe-l-8-mt/
Rakományrögzítés;127183;Talpas térelválasztó rakományrögzítő rúd D42 ALU;FTS;50071083;MEGVAN;igen;1;50071083;Barra Fermacarico Ø42 con molla regolabile 2350÷2720;https://www.fts-farina.it/prodotto/barra-fermacarico-o42-con-molla-regolabile-2350%c3%b72720/
Speciális felépítmény alkatrészek;822225;Haub-csatoszár ellendarabbal horg. TS;FTS;15162225;MEGVAN;igen;2;15162225;15162225 – Chiusura zincata registrabile con fermo;https://www.fts-farina.it/prodotto/15162225-chisura-zincata-registrabile-con-fermo/
Speciális felépítmény alkatrészek;815811;Kis négyszög zár;FTS;10158110;MEGVAN;igen;1;10158110;Tavellini;https://www.fts-farina.it/prodotto/tavellini/
Speciális felépítmény alkatrészek;816211;Nagy négyszög zár;FTS;10162110;MEGVAN;igen;1;10162110;Tavellini;https://www.fts-farina.it/prodotto/tavellini/
Speciális felépítmény alkatrészek;895280;Nagy oldalsó ládazár;FTS;80952800;MEGVAN;igen;1;80952800;80952800 – Chiusura a leva di tenuta grande con chiave sotto bottone;https://www.fts-farina.it/prodotto/80952800-chiusura-a-leva-di-tenuta-grande-con-chiave-sotto-bottone/
Speciális felépítmény alkatrészek;810164;Négyszög kulcs;FTS;10164110;MEGVAN;igen;2;10164110;10164110 – Chiave quadrata zincata;https://www.fts-farina.it/prodotto/10164110-chiave-quadrata-zincata/
Sárvédők, szerszámosládák;;J600421 horg. 42-es sárvédőtartó cső 750 mm egyenes;FTS;60780421;MEGVAN;igen;2;60780421;60780421 – Tubo di fissaggio diritto zincato Ø42 L=750;https://www.fts-farina.it/prodotto/60780421-tubo-di-fissaggio-diritto-zincato-o42-l750/
Sárvédők, szerszámosládák;;J600422 TH 42-es sárvédőtartó cső 750 mm hajlított;FTS;60770422;MEGVAN;igen;2;60770422;60770422 – Tubo zincato a caldo di fissaggio Ø42 L=750;https://www.fts-farina.it/prodotto/60770422-tubo-zincato-a-caldo-di-fissaggio-o42-l750/
Sárvédők, szerszámosládák;;J601811 ZN 42-es sárvédőtartó cső 800 mm;FTS;60180110;MEGVAN;igen;2;60180110;60180110 – Tubo di fissaggio zincato Ø42;https://www.fts-farina.it/prodotto/60180110-tubo-di-fissaggio-zincato-o42/
Sárvédők, szerszámosládák;;J617110 42-es horg acél csőtartó bilincs F;FTS;60167110;MEGVAN;igen;2;60167110;60167110 – Supporto parafango sagomato zincato Ø42;https://www.fts-farina.it/prodotto/60167110-supporto-parafango-sagomato-zincato-o42/
Billencs alkatrészek;142103/V;3 Kardán;FTS;;NINCS;nem;0;;;
Billencs alkatrészek;143100;43 mm Gömbcsukló készlet kicsi;FTS;;NINCS;nem;0;;;
Billencs alkatrészek;3514400/1;Billencs rakonca szegő háromszöges;FTS;;NINCS;nem;0;;;
Billencs alkatrészek;148110;Biztosító tüske;FTS;;NINCS;nem;0;;;
Billencs alkatrészek;140235;D35 zárt omega lefogató;FTS;510352;NINCS;nem;0;;;
Billencs alkatrészek;140240;D40 zárt omega lefogató;FTS;;NINCS;nem;0;;;
Billencs alkatrészek;146001;Kapcsolótábla;FTS;;NINCS;nem;0;;;
Billencs alkatrészek;146006;Kábeles távkapcsoló;FTS;;NINCS;nem;0;;;
Billencs alkatrészek;146002;Végálláskapcsoló;FTS;;NINCS;nem;0;;;
Dobozos felépítmény alkatrészek;509665;2 fokos létra TH;FTS;50399665;NINCS;nem;0;;;
Dobozos felépítmény alkatrészek;882050;5 fokos létra;FTS;;NINCS;nem;0;;;
Dobozos felépítmény alkatrészek;831211;Horganyzott lapos zsanér;FTS;;NINCS;nem;0;;;
Dobozos felépítmény alkatrészek;806408;Horganyzott oldalajtó zsanér, lépcsős 183 mm;FTS;;NINCS;nem;0;;;
Dobozos felépítmény alkatrészek;828010;Nyers zsanér bak + csavar;FTS;80280100;NINCS;nem;0;;;
Dobozos felépítmény alkatrészek;831810;RM Lapos lépcsős zsanér 140/4 mm;FTS;;NINCS;nem;0;;;
Dobozos felépítmény alkatrészek;893154;RM Nagy kapaszkodó IN;FTS;;NINCS;nem;0;;;
Dobozos felépítmény alkatrészek;899210/S;RM hátsóajtó zsanérlap 280/3 TS;FTS;;NINCS;nem;0;;;
Dobozos felépítmény alkatrészek;831410;RM lapos zsanér 134/104;FTS;;NINCS;nem;0;;;
Dobozos felépítmény alkatrészek;555455;Ütközőgumi 455x38x48;FTS;335100;NINCS;nem;0;;;
Platós alkatrészek és kiegészítők;307155;Aláfutásgátló konzol 572 mm;FTS;57700155;NINCS;nem;0;;;
Platós alkatrészek és kiegészítők;308155/TH;Aláfutásgátló konzol 710 mm;FTS;58800155;NINCS;nem;0;;;
Platós alkatrészek és kiegészítők;156560;Billencs zsanér garnitúra;FTS;156560;NINCS;nem;0;;;
Platós alkatrészek és kiegészítők;152531;Billencs zsanér lap;FTS;322531;NINCS;nem;0;;;
Platós alkatrészek és kiegészítők;352202;Egymásbazáródó zár ellendarab;FTS;35220002;NINCS;nem;0;;;
Platós alkatrészek és kiegészítők;451030/TH;Kiskonzol IVECO;FTS;2001030;NINCS;nem;0;;;
Platós alkatrészek és kiegészítők;152815;TIR-zsanér garnitúra DC;FTS;152815;NINCS;nem;0;;;
Platós alkatrészek és kiegészítők;152901;TIR-zsanér garnitúra NAGY horg.;FTS;152901;NINCS;nem;0;;;
Platós alkatrészek és kiegészítők;351503;Z-zár ellendarab hegeszthető kicsi 20;FTS;35150250;NINCS;nem;0;;;
Platós alkatrészek és kiegészítők;351502;Z-zár ellendarab hegeszthető nagy 30;FTS;35150200;NINCS;nem;0;;;
Platós alkatrészek és kiegészítők;351501;Z-zár ellendarab, csavarozható;FTS;35150100;NINCS;nem;0;;;
Ponyvarendszer kiegészítők;380022;Alsó adapter 27-es csőhöz, PWP kocka;FTS;736022;NINCS;nem;0;;;
Ponyvarendszer kiegészítők;380081;PWP Racsnis feszítő sliccelt L;FTS;34480081;NINCS;nem;0;;;
Ponyvarendszer kiegészítők;380080;PWP Racsnis feszítő sliccelt R;FTS;34480080;NINCS;nem;0;;;
Ponyvarendszer kiegészítők;380024;PWP Racsnis feszítő, kocka adapter L;FTS;736024;NINCS;nem;0;;;
Ponyvarendszer kiegészítők;380025;PWP Racsnis feszítő, kocka adapter R;FTS;736025;NINCS;nem;0;;;
Ponyvarendszer kiegészítők;380070/71;Racsnis feszítő kocka adapterhez J-B H;FTS;HESTAL;NINCS;nem;0;;;
Ponyvarendszer kiegészítők;380091;W Racsnis feszítő quadrat L;FTS;34480091;NINCS;nem;0;;;
Ponyvarendszer kiegészítők;380090;W Racsnis feszítő quadrat R;FTS;34480090;NINCS;nem;0;;;
Rakományrögzítés;127914;3M/750daN/ Gurtni, két oldalon csatos;FTS;;NINCS;nem;0;;;
Rakományrögzítés;123210;INOX rakomány rögz. tányér;FTS;4509321;NINCS;nem;0;;;
Rakományrögzítés;126514;Rakományrögzítő kengyel HT;FTS;;NINCS;nem;0;;;
Rakományrögzítés;126516;Rakományrögzítő kengyel TD;FTS;;NINCS;nem;0;;;
Rakományrögzítés;128325;Rakományrözítő fül festett fekete;FTS;;NINCS;nem;0;;;
Speciális felépítmény alkatrészek;821000;Horganyzott süllyesztett nyelves zár;FTS;;NINCS;nem;0;;;
Speciális felépítmény alkatrészek;813281;Kis négyszög zár INOX;FTS;2143281IN;NINCS;nem;0;;;
Speciális felépítmény alkatrészek;895260;Kis oldalsó ládazár;FTS;;NINCS;nem;0;;;
Sárvédők, szerszámosládák;;J181310 D42-es FF 3p. sárvédőtartó cső 800 mm;FTS;;NINCS;nem;0;;;
Speciális felépítmény alkatrészek;;"""Le Mans"" tetőventilátor (12V)";G&C termékek;02-2200;MEGVAN;igen;0;02-2200;Grill Large;https://gnc-systems.com/en/products/grill-big/
Speciális felépítmény alkatrészek;;"""Le Mans"" tetőventilátor (24V)";G&C termékek;02-2300;MEGVAN;igen;0;02-2300;Le Mans;https://gnc-systems.com/en/products/le-mans/
Speciális felépítmény alkatrészek;;"""TURBO II"" tetőventilátor Fehér";G&C termékek;02-7000;MEGVAN;igen;0;02-7000;Turbo II;https://gnc-systems.com/en/products/turbo-ii/
Speciális felépítmény alkatrészek;;"""TURBO II"" tetőventilátor Fekete";G&C termékek;02-7100;MEGVAN;igen;0;02-7100;Turbo II;https://gnc-systems.com/en/products/turbo-ii/
Speciális felépítmény alkatrészek;;"""TURBO III"" tetőventilátor Fehér";G&C termékek;02-6000;MEGVAN;igen;0;02-6000;Turbo III;https://gnc-systems.com/en/products/turbo-iii/
Speciális felépítmény alkatrészek;;"""TURBO III"" tetőventilátor Fekete";G&C termékek;02-6100;MEGVAN;igen;0;02-6100;Turbo III;https://gnc-systems.com/en/products/turbo-iii/
Speciális felépítmény alkatrészek;;"02-2200 -ZW ""Le Mans"" tetőventilátor (12V)";G&C termékek;02-2200-ZW;MEGVAN;igen;0;02-2200-ZW;Le Mans;https://gnc-systems.com/en/products/le-mans/
Speciális felépítmény alkatrészek;;"02-2200- ""Le Mans"" tetőventilátor (12V)";G&C termékek;02-2200;MEGVAN;igen;0;02-2200;Grill Large;https://gnc-systems.com/en/products/grill-big/
Speciális felépítmény alkatrészek;;90-5000-E Tetőablak 24V 53x530;G&C termékek;;MEGVAN;igen;0;5000-E;Roof Hatch Electric Small;https://gnc-systems.com/en/products/roof-hatches-manual-small/
Speciális felépítmény alkatrészek;;"Belső 12V-os LED takaró ""Flower Power"" -fehér";G&C termékek;35-2900;MEGVAN;igen;0;35-2900;Flower Power;https://gnc-systems.com/en/products/flower-power/
Speciális felépítmény alkatrészek;;"Belső 12V-os LED takaró ""Flower Power"" -szürke";G&C termékek;35-2910;MEGVAN;igen;0;35-2910;Flower Power;https://gnc-systems.com/en/products/flower-power/
Speciális felépítmény alkatrészek;;"Belső takaró ""Flower Power"" -szürke";G&C termékek;35-2810;MEGVAN;igen;0;35-2810;Flower Power;https://gnc-systems.com/en/products/flower-power/
Speciális felépítmény alkatrészek;;Elektromos tetőablak 24V 530x530;G&C termékek;90-5000-E;MEGVAN;igen;0;90-5000-E;Roof Hatch Electric Small;https://gnc-systems.com/en/products/roof-hatches-manual-small/
Speciális felépítmény alkatrészek;;Elektromos tetőablak 24V 970x530;G&C termékek;90-6000-E;MEGVAN;igen;0;90-6000-E;Roof Hatch Electric Large;https://gnc-systems.com/en/products/roof-hatches-electric-large/
Speciális felépítmény alkatrészek;;Három állásos kapcsoló ventilátorhoz;G&C termékek;89-4008;MEGVAN;igen;0;89-4008;Switch Fan;https://gnc-systems.com/en/products/switch-fan/
Speciális felépítmény alkatrészek;;Ledes lámpa kerek fehér;G&C termékek;92-GC01;MEGVAN;igen;0;92-GC01;Lighting Round;https://gnc-systems.com/en/products/lighting-round/
Speciális felépítmény alkatrészek;;Ledes lámpa, szögletes fehér 12/24V;G&C termékek;92-GC05-HP;MEGVAN;igen;0;92-GC05-HP;Lighting Rectangle;https://gnc-systems.com/en/products/lighting-rectangle/
Speciális felépítmény alkatrészek;;Manuális belső takaró fehér;G&C termékek;35-2400;MEGVAN;igen;0;35-2400;V12;https://gnc-systems.com/en/products/v12-2/
Speciális felépítmény alkatrészek;;Manuális belső takaró szürke;G&C termékek;35-2410;MEGVAN;igen;0;35-2410;V12;https://gnc-systems.com/en/products/v12-2/
Speciális felépítmény alkatrészek;;Tetőablak vezérlőegység 24V;G&C termékek;30-6000;MEGVAN;igen;0;30-6000;Control Unit;https://gnc-systems.com/en/products/control-unit/
Speciális felépítmény alkatrészek;;Tetőventillátor motor nélkül, ABS Fehér;G&C termékek;02-2900;MEGVAN;igen;0;02-2900;Le Mans;https://gnc-systems.com/en/products/le-mans/
Speciális felépítmény alkatrészek;;Tetőventilátor manuális fehér;G&C termékek;02-1030;MEGVAN;igen;0;02-1030;Grill Small;https://gnc-systems.com/en/products/grill-small/
Speciális felépítmény alkatrészek;;Tetőventilátor manuális fekete;G&C termékek;02-1030-ZW;MEGVAN;igen;0;02-1030-ZW;Exhaust Ventilator;https://gnc-systems.com/en/products/exhaust-ventilator/
Speciális felépítmény alkatrészek;;Ventillátor alsó takaró elem (12/24V) -fehér;G&C termékek;35-2500;MEGVAN;igen;0;35-2500;V12;https://gnc-systems.com/en/products/v12-2/
Speciális felépítmény alkatrészek;;Ventillátor belső takaró;G&C termékek;35-2110;MEGVAN;igen;0;35-2110;Rotating Valve;https://gnc-systems.com/en/products/rotating-valve/
Speciális felépítmény alkatrészek;;Ventillátor belső takaró szürke;G&C termékek;35-2100;MEGVAN;igen;0;35-2100;Rotating Valve;https://gnc-systems.com/en/products/rotating-valve/
Speciális felépítmény alkatrészek;;12V-LED ventillátor belső takaró;G&C termékek;35-2185;NINCS;nem;0;;;
Speciális felépítmény alkatrészek;;"Belső 24 v-os LED világítással ""Flower Power"" - fehér";G&C termékek;35-2905;NINCS;nem;0;;;
Speciális felépítmény alkatrészek;;"Belső 24 v-os LED világítással ""Flower Power"" - szürke";G&C termékek;35-2915;NINCS;nem;0;;;
Speciális felépítmény alkatrészek;;Szellőző rács 410x100 mm;G&C termékek;35-4010;NINCS;nem;0;;;
Speciális felépítmény alkatrészek;;Tetőablak manuális 530x530;G&C termékek;90-5000-Dark;NINCS;nem;0;;;
Speciális felépítmény alkatrészek;;Tetőablak manuális 970x530;G&C termékek;90-6000-Dark;NINCS;nem;0;;;
Speciális felépítmény alkatrészek;;Tetőablak üveg 970x530;G&C termékek;90-8060-Dark;NINCS;nem;0;;;
Speciális felépítmény alkatrészek;;Ventillátor belső takaró 12/24V LED;G&C termékek;35-2200;NINCS;nem;0;;;
Speciális felépítmény alkatrészek;;Ventillátor belső takaró elem;G&C termékek;35-2195-LED-24V;NINCS;nem;0;;;
Alumínium alváz profilok;202850;"""U"" 130 Hossztartó K";Grupa Kęty;W2850;NINCS;nem;0;;;
Ponyvarendszer kiegészítők;222266;100x25 mm Ponyvatartó zártszelvény GK;Grupa Kęty;7KPH2266;NINCS;nem;0;;;
Ponyvarendszer kiegészítők;222001;100x25 mm Ponyvatartó zártszelvény T;Grupa Kęty;T1.2001.0;NINCS;nem;0;;;
Ponyvarendszer kiegészítők;223219;100x25 mm Ponyvatartó zártszelvény elox;Grupa Kęty;R3219;NINCS;nem;0;;;
Ponyvarendszer kiegészítők;222185;100x25 mm Ponyvatartó zártszelvény, merevített;Grupa Kęty;2185;NINCS;nem;0;;;
Gumiszőnyegek;;G 1400x1400 Rampaszőnyeg;Gummitrading;;NINCS;nem;0;;;
Gumiszőnyegek;;G 1800x1400 Rampaszőnyeg;Gummitrading;;NINCS;nem;0;;;
Gumiszőnyegek;;G 1800x1600 Rampaszőnyeg;Gummitrading;;NINCS;nem;0;;;
Gumiszőnyegek;;G 2200x1400 Rampaszőnyeg;Gummitrading;;NINCS;nem;0;;;
Gumiszőnyegek;;G 2400x1400 Rampaszőnyeg;Gummitrading;;NINCS;nem;0;;;
Gumiszőnyegek;;G 4x1200x10000 Noppos gumiszőnyeg;Gummitrading;;NINCS;nem;0;;;
Gumiszőnyegek;;G 4x1200x10000 Vidar Coin Noppos gumiszőnyeg;Gummitrading;;NINCS;nem;0;;;
Gumiszőnyegek;;G 4x1800 mm Istálló szőnyeg;Gummitrading;;NINCS;nem;0;;;
Gumiszőnyegek;;G 5x1400x10m 2T S/S Általános gumi;Gummitrading;;NINCS;nem;0;;;
Gumiszőnyegek;;G 5x2000 mm Istálló szőnyeg;Gummitrading;;NINCS;nem;0;;;
Gumiszőnyegek;;G 6x2000mm Istálló szőnyeg;Gummitrading;;NINCS;nem;0;;;
Dobozos felépítmény alkatrészek;056402;4-részes ajtókiakasztó szet;IndesCar;;NINCS;nem;0;;;
Dobozos felépítmény alkatrészek;056402/2;4-részes ajtókiakasztó szet IN;IndesCar;;NINCS;nem;0;;;
Dobozos felépítmény alkatrészek;556404;Kúpos ütközőgumi 40/60/27;IndesCar;;NINCS;nem;0;;;
Dobozos felépítmény alkatrészek;820270;RM oldalajtó zsanér lépcsős 190/238/75 mm IN;IndesCar;20270I;NINCS;nem;0;;;
Speciális felépítmény alkatrészek;615363;68-S1 T-karos sülly. zár;Industrilas;275363-68-S1;NINCS;nem;0;;;
Speciális felépítmény alkatrészek;615263;68-S1 T-karos sülly. zár F;Industrilas;272063-68-S1;NINCS;nem;0;;;
Acél és alu rakoncák és szegők;357272;KG szegő tömítés;Ital Accessori;117000;MEGVAN;igen;3;117000;GT gumové tesnenie do lemovacieho profilu GT rubber sealing to edging profile;https://www.ital-accessori.sk/katalog/book/KOMP/41/
Billencs alkatrészek;140997;- 60 mm-es gömbcsukló készlet;Ital Accessori;320997/31/32/33/30/;MEGVAN;igen;3;320997;Guľový čap Ø 60 mm Ball Ø 60 mm;https://www.ital-accessori.sk/katalog/book/KOMP/223/
Billencs alkatrészek;140920;- 80 mm-es gömbcsukló készlet;Ital Accessori;320920/21/22/23/24/;MEGVAN;igen;9;320920;"Guľový čap - ""séria 3000"" Ball - ""series 3000""";https://www.ital-accessori.sk/katalog/book/KOMP/236/
Billencs alkatrészek;515006;22t munkahenger;Ital Accessori;515006;MEGVAN;igen;6;515006;Celková nosnosť 22 ton pri 180 bar Total weight tip-up 22 ton. 180 bar;https://www.ital-accessori.sk/katalog/book/KOMP/352/
Billencs alkatrészek;518009;25t munkahenger;Ital Accessori;518009;MEGVAN;igen;7;518009;Celková nosnosť 25 ton pri 180 bar Total weight tip-up 25 ton. 180 bar;https://www.ital-accessori.sk/katalog/book/KOMP/372/
Billencs alkatrészek;770372;Bil. 150CE Vezérlő 220bar;Ital Accessori;770372;MEGVAN;igen;5;770372;"Hydraulický ventil MODULAR 150 ""DIRECT A.L."" s pneumatickým ovládaním s bočným uchytením MODULAR 150 ""DIRECT A.L."" pneumatic proportional tipping valv";https://www.ital-accessori.sk/katalog/book/KOMP/428/
Billencs alkatrészek;351775;Bill. Rakonca csap;Ital Accessori;320075;MEGVAN;igen;3;320075;Oceľový čap 109 mm pre nastaviteľný uzáver 109 mm steel pin for adjustable lock;https://www.ital-accessori.sk/katalog/book/KOMP/298/
Billencs alkatrészek;3521699;Billencs hátsó rakonca 400 mm B + zseb;Ital Accessori;321699/322013;MEGVAN;nem;3;322013;Kapsa Socket;https://www.ital-accessori.sk/katalog/book/KOMP/318/
Billencs alkatrészek;3521904;Billencs hátsó rakonca 400 mm B + zseb;Ital Accessori;322903/320027;MEGVAN;nem;4;320027;Kapsa Socket;https://www.ital-accessori.sk/katalog/book/KOMP/324/
Billencs alkatrészek;3521698;Billencs hátsó rakonca 400 mm J + zseb;Ital Accessori;321698/322013;MEGVAN;nem;3;322013;Kapsa Socket;https://www.ital-accessori.sk/katalog/book/KOMP/318/
Billencs alkatrészek;3521903;Billencs hátsó rakonca 400 mm J + zseb;Ital Accessori;321903/320027;MEGVAN;nem;4;320027;Kapsa Socket;https://www.ital-accessori.sk/katalog/book/KOMP/324/
Billencs alkatrészek;3520902;Billencs köztes rakonca 400 mm + zseb;Ital Accessori;320902/320027;MEGVAN;nem;4;320027;Kapsa Socket;https://www.ital-accessori.sk/katalog/book/KOMP/324/
Billencs alkatrészek;351201;Pótkeréktartó 120 mm tengelyközép;Ital Accessori;351201;MEGVAN;igen;3;351201;Držiak rezervy kolesa s roztečou od 225 do 335 mm Spare wheel holder with wheelbase from 225-335 mm;https://www.ital-accessori.sk/katalog/book/KOMP/662/
Billencs alkatrészek;145260;Szelep 22- 3/4;Ital Accessori;512610;MEGVAN;igen;1;512610;Vstupný olejový ventil STANDARD Oil inlet pin;https://www.ital-accessori.sk/katalog/book/KOMP/414/
Billencs alkatrészek;145170;Szelep1/2;Ital Accessori;517000;MEGVAN;igen;1;517000;Vstupný olejový ventil STANDARD Oil inlet pin;https://www.ital-accessori.sk/katalog/book/KOMP/411/
Billencs alkatrészek;140004;T4 Bölcső;Ital Accessori;510004;MEGVAN;igen;4;510004;Kardán Cradles for cylinders;https://www.ital-accessori.sk/katalog/book/KOMP/401/
Billencs alkatrészek;140005;T5 Bölcső;Ital Accessori;510005;MEGVAN;igen;4;510005;Kardán Cradles for cylinders;https://www.ital-accessori.sk/katalog/book/KOMP/402/
Billencs alkatrészek;140006;T6 Bölcső;Ital Accessori;510006;MEGVAN;igen;4;510006;Kardán Cradles for cylinders;https://www.ital-accessori.sk/katalog/book/KOMP/402/
Billencs alkatrészek;140008;T8 Bölcső D240;Ital Accessori;510008;MEGVAN;igen;4;510008;Kardán Cradles for cylinders;https://www.ital-accessori.sk/katalog/book/KOMP/402/
Dobozos felépítmény alkatrészek;517026;30 mm-es PVC tömítés G;Ital Accessori;017026;MEGVAN;igen;4;017026;PVC tesnenie 30 mm, dvojjazýčkové, sivé PVC door seal 30 mm grey;https://www.ital-accessori.sk/katalog/book/KOMP/157/
Dobozos felépítmény alkatrészek;514528;44 mm-es PVC térelválasztó tömítés G;Ital Accessori;014528;MEGVAN;igen;4;014528;PVC tesnenie 45 mm, trojjazýčkové, sivé PVC door seal 45 mm grey;https://www.ital-accessori.sk/katalog/book/KOMP/158/
Elhúzható rolóponyvás rendszer;6613211;MAX-os első elox oszlop IT;Ital Accessori;320011;MEGVAN;igen;3;320011;Hliníkový stĺpik CS predný 3200 mm Aluminium pillar CS frontal 3200 mm;https://www.ital-accessori.sk/katalog/book/KOMP/85/
Platós alkatrészek és kiegészítők;337510;Hátsó lámpatartó, rendszámtábla tartó 1800 mm;Ital Accessori;337510;MEGVAN;igen;3;337510;Sivý oceľový nárazník s plastovými koncovkami Steel bumper with plastic headers - grey;https://www.ital-accessori.sk/katalog/book/KOMP/654/
Platós alkatrészek és kiegészítők;337515;Hátsó lámpatartó, rendszámtábla tartó 1900 mm;Ital Accessori;337515;MEGVAN;igen;3;337515;Sivý oceľový nárazník s plastovými koncovkami Steel bumper with plastic headers - grey;https://www.ital-accessori.sk/katalog/book/KOMP/654/
Platós alkatrészek és kiegészítők;337525;Hátsó lámpatartó, rendszámtábla tartó 2100 mm;Ital Accessori;337525;MEGVAN;igen;3;337525;Sivý oceľový nárazník s plastovými koncovkami Steel bumper with plastic headers - grey;https://www.ital-accessori.sk/katalog/book/KOMP/654/
Platós alkatrészek és kiegészítők;337540;Hátsó lámpatartó, rendszámtábla tartó 2400 mm;Ital Accessori;337540;MEGVAN;igen;3;337540;Sivý oceľový nárazník s plastovými koncovkami Steel bumper with plastic headers - grey;https://www.ital-accessori.sk/katalog/book/KOMP/654/
Platós alkatrészek és kiegészítők;402006/40;Kerék ék + tartókonzol;Ital Accessori;402006;MEGVAN;igen;7;402006;Plastový zakladací klin žltý DIN 76051 - G46 Yellow plastic wheel chock DIN 76051 - G46;https://www.ital-accessori.sk/katalog/book/KOMP/672/
Platós alkatrészek és kiegészítők;402016/42;Kerék ék + tartókonzol;Ital Accessori;402016;MEGVAN;igen;7;402016;Plastový zakladací klin žltý DIN 76051 - E53 Yellow plastic wheel chock DIN 76051 - E53;https://www.ital-accessori.sk/katalog/book/KOMP/672/
Platós alkatrészek és kiegészítők;353555;Pótkeréktartó felfogatás 255;Ital Accessori;353555;MEGVAN;igen;4;353555;Oceľová konzola pre držiak rezervy pozink - nikel 255 mm Steel support bracket for wheel carrier zinc - nickel 255 mm;https://www.ital-accessori.sk/katalog/book/KOMP/664/
Platós alkatrészek és kiegészítők;353550;Pótkeréktartó felfogatás 355;Ital Accessori;353550;MEGVAN;igen;4;353550;Oceľová konzola pre držiak rezervy pozink - nikel 350 mm Steel support bracket for wheel carrier zinc - nickel 350 mm;https://www.ital-accessori.sk/katalog/book/KOMP/664/
Platós alkatrészek és kiegészítők;353530;Pótkeréktartó, dupla;Ital Accessori;353530;MEGVAN;igen;3;353530;;https://www.ital-accessori.sk/katalog/book/KOMP/663/
Platós alkatrészek és kiegészítők;353510;Pótkeréktartó, szimpla;Ital Accessori;353510;MEGVAN;igen;3;353510;;https://www.ital-accessori.sk/katalog/book/KOMP/663/
Speciális felépítmény alkatrészek;702;Reflex szalag dobozra, fehér STX;Ital Accessori;970702;MEGVAN;igen;3;970702;Reflexný pás pre pevný povrch Reflective tape for rigid surfaces;https://www.ital-accessori.sk/katalog/book/KOMP/685/
Speciális felépítmény alkatrészek;703;Reflex szalag dobozra, piros;Ital Accessori;970703;MEGVAN;igen;3;970703;Reflexný pás pre pevný povrch Reflective tape for rigid surfaces;https://www.ital-accessori.sk/katalog/book/KOMP/685/
Speciális felépítmény alkatrészek;703;Reflex szalag dobozra, piros STX;Ital Accessori;970703;MEGVAN;igen;3;970703;Reflexný pás pre pevný povrch Reflective tape for rigid surfaces;https://www.ital-accessori.sk/katalog/book/KOMP/685/
Speciális felépítmény alkatrészek;701;Reflex szalag dobozra, sárga;Ital Accessori;970701;MEGVAN;igen;3;970701;Reflexný pás pre pevný povrch Reflective tape for rigid surfaces;https://www.ital-accessori.sk/katalog/book/KOMP/685/
Speciális felépítmény alkatrészek;722;Reflex szalag szekcionált fehér;Ital Accessori;970792;MEGVAN;igen;3;970792;Reflexný pás pre plachtovinový povrch - segmentovaný Reflective tape for canvas surfaces - segmented;https://www.ital-accessori.sk/katalog/book/KOMP/685/
Speciális felépítmény alkatrészek;723;Reflex szalag szekcionált piros;Ital Accessori;970793;MEGVAN;igen;3;970793;Reflexný pás pre plachtovinový povrch - segmentovaný Reflective tape for canvas surfaces - segmented;https://www.ital-accessori.sk/katalog/book/KOMP/685/
Speciális felépítmény alkatrészek;721;Reflex szalag szekcionált sárga;Ital Accessori;970791;MEGVAN;igen;3;970791;Reflexný pás pre plachtovinový povrch - segmentovaný Reflective tape for canvas surfaces - segmented;https://www.ital-accessori.sk/katalog/book/KOMP/685/
Sárvédők, szerszámosládák;;J101030 Negyed íves sárvédő 700x650;Ital Accessori;101030;MEGVAN;igen;7;101030;Plastový 1/2 blatník Plastic half wing mudguard;https://www.ital-accessori.sk/katalog/book/KOMP/501/
Sárvédők, szerszámosládák;;J101135 Negyed íves sárvédő 800x430;Ital Accessori;101135;MEGVAN;igen;7;101135;Plastový 1/2 blatník s bielym okrajom Plastic half wing mudguard with white border;https://www.ital-accessori.sk/katalog/book/KOMP/501/
Sárvédők, szerszámosládák;;J101510D Íves sárvédő 270/1300/420;Ital Accessori;101510;MEGVAN;igen;7;101510;Plastový blatník Plastic mudguard;https://www.ital-accessori.sk/katalog/book/KOMP/494/
Sárvédők, szerszámosládák;;J101530D Íves sárvédő 500/1620/500;Ital Accessori;;MEGVAN;igen;7;101530;Plastový blatník Plastic mudguard;https://www.ital-accessori.sk/katalog/book/KOMP/494/
Sárvédők, szerszámosládák;;J101620D Íves sárvédő 450/1350/430;Ital Accessori;101620;MEGVAN;igen;7;101620;Plastový blatník s bielym okrajom Plastic mudguard with white border;https://www.ital-accessori.sk/katalog/book/KOMP/494/
Sárvédők, szerszámosládák;;J101670D Íves sárvédő 650/1900/630;Ital Accessori;;MEGVAN;igen;7;101670;Plastový blatník s bielym okrajom Plastic mudguard with white border;https://www.ital-accessori.sk/katalog/book/KOMP/494/
Sárvédők, szerszámosládák;;J101680D Íves sárvédő 430/2125/650;Ital Accessori;;MEGVAN;igen;7;101680;Plastový blatník s bielym okrajom Plastic mudguard with white border;https://www.ital-accessori.sk/katalog/book/KOMP/494/
Sárvédők, szerszámosládák;;J103110D FT sárvédő 260/1450/380;Ital Accessori;;MEGVAN;igen;6;103110;;https://www.ital-accessori.sk/katalog/book/KOMP/493/
Sárvédők, szerszámosládák;;J103115D 450 FT sárvédő;Ital Accessori;103115;MEGVAN;igen;6;103115;;https://www.ital-accessori.sk/katalog/book/KOMP/493/
Sárvédők, szerszámosládák;;J103120D FT sárvédő 510/1770/510;Ital Accessori;103120;MEGVAN;igen;6;103120;;https://www.ital-accessori.sk/katalog/book/KOMP/493/
Sárvédők, szerszámosládák;;J105215 Acél tandem sárvédő 2740x650x3500;Ital Accessori;105215;MEGVAN;igen;5;105215;Oceľový blatník s gumovým okrajom Steel mudguard with rubber edge;https://www.ital-accessori.sk/katalog/book/KOMP/514/
Sárvédők, szerszámosládák;;J105222D FT sárvédő 300/1500/447;Ital Accessori;;MEGVAN;igen;5;105222;;https://www.ital-accessori.sk/katalog/book/KOMP/493/
Sárvédők, szerszámosládák;;J108524 D42-es FF 1p. sárvédőtartó cső 580 mm;Ital Accessori;108524;MEGVAN;igen;5;108524;Trubka oceľová ohnutá so skrutkou - čierny komaxit Curved black powder coated steel stay;https://www.ital-accessori.sk/katalog/book/KOMP/520/
Sárvédők, szerszámosládák;;J202460 1000X500X500 RM láda;Ital Accessori;202460;MEGVAN;igen;4;202460;Matná nerezová skrinka na náradie ZEN s plastovými uzávermi NEXT a nylonovými pántmi ZEN matte stainless steel toolbox with plastic NEXT locks and nyl;https://www.ital-accessori.sk/katalog/book/KOMP/547/
Sárvédők, szerszámosládák;;J205010 DAKEN láda 410x330x340 mm;Ital Accessori;205010;MEGVAN;igen;3;205010;Plastová skrinka na náradie „WELVET“, 28,8 l Plastic toolbox „WELVET“, 28,8 l Rozmery/dimensions: 410 x 348 x 340 mm (A x B x C);https://www.ital-accessori.sk/katalog/book/KOMP/537/
Sárvédők, szerszámosládák;;J205040 DAKEN WELVET láda 630x450x480 mm;Ital Accessori;205040;MEGVAN;igen;3;205040;Plastová skrinka na náradie „WELVET“, 78,5 l Plastic toolbox „WELVET“, 78,5 l Rozmery/Dimensions: 630 x 450 x 480 mm (A x B x C);https://www.ital-accessori.sk/katalog/book/KOMP/537/
Sárvédők, szerszámosládák;;J205042 DAKEN ARKA láda 655x450x470 mm;Ital Accessori;205042;MEGVAN;igen;3;205042;Plastová skrinka na náradie „ARKA“, 74 l Plastic toolbox „ARKA“, 74 l Rozmery/Dimensions: 655 x 450 x 470 mm (A x B x C);https://www.ital-accessori.sk/katalog/book/KOMP/538/
Sárvédők, szerszámosládák;;J205060 DAKEN láda 1030x500x455 mm;Ital Accessori;205060;MEGVAN;igen;3;205060;Plastová skrinka na náradie „WELVET“, 147 l Plastic toolbox „WELVET“, 147 l Rozmery/Dimensions: 1030 x 500 x 455 mm (A x B x C);https://www.ital-accessori.sk/katalog/book/KOMP/537/
Sárvédők, szerszámosládák;;J205065 DAKEN láda 1250x524x500 mm;Ital Accessori;205065;MEGVAN;igen;3;205065;Plastová skrinka na náradie „ARKA“, 203 l Plastic toolbox „ARKA“, 203 l Rozmery/Dimensions: 1250 x 522 x 500 mm (A x B x C);https://www.ital-accessori.sk/katalog/book/KOMP/538/
Sárvédők, szerszámosládák;;J205540 DAKEN láda 600x415x460 mm;Ital Accessori;205540;MEGVAN;igen;3;205540;"Plastová skrinka na náradie ""JUST"", 70 l Plastic toolbox ""JUST"", 70 l Rozmery/Dimensions: 600 x 415 x 460 mm";https://www.ital-accessori.sk/katalog/book/KOMP/539/
Sárvédők, szerszámosládák;;J205575 DAKEN láda 750x350x450 mm;Ital Accessori;JUST;MEGVAN;igen;3;205575;"Plastová skrinka na náradie ""JUST"", 74,5 l Plastic toolbox ""JUST"", 74,5 l Rozmery/Dimensions: 750 x 350 x 450 mm";https://www.ital-accessori.sk/katalog/book/KOMP/539/
Sárvédők, szerszámosládák;;J205590 DAKEN láda 900x367x300 mm;Ital Accessori;205590;MEGVAN;igen;3;205590;"Plastová skrinka na náradie ""JUST"", 57,5 l Plastic toolbox ""JUST"", 57,5 l Rozmery/Dimensions: 900 x 367 x 300 mm";https://www.ital-accessori.sk/katalog/book/KOMP/540/
Sárvédők, szerszámosládák;;J205599 DAKEN láda 1020x500x460 mm;Ital Accessori;205599;MEGVAN;igen;3;205599;"Plastová skrinka na náradie ""JUST"", 153 l Plastic toolbox ""JUST"", 153 l Rozmery/Dimensions: 1020 x 500 x 460 mm";https://www.ital-accessori.sk/katalog/book/KOMP/540/
Sárvédők, szerszámosládák;;J258207 P/P poroltó tartó, 6 kg-os;Ital Accessori;258207;MEGVAN;igen;4;258207;Plastová skrinka ADAMANT pre hasiaci prístroj 6 kg, 310 x 611 x 250 mm s okienkom Fire extinguisher plastic box 6 kg ADAMANT, 310 x 611 x 250 mm with ;https://www.ital-accessori.sk/katalog/book/KOMP/567/
Sárvédők, szerszámosládák;;J258217 P/F poroltó tartó, 6 kg-os;Ital Accessori;258217;MEGVAN;igen;4;258217;Plastová skrinka Regon pre hasiaci prístroj 6 kg, 620 x 335 x 240 mm Fire extinguisher plastic box Regon 6 kg, 620 x 335 x 240 mm;https://www.ital-accessori.sk/katalog/book/KOMP/568/
Sárvédők, szerszámosládák;;J258412 Felül nyíló P poroltó tartó, 6 kg-os;Ital Accessori;258412;MEGVAN;igen;4;258412;Plastová skrinka SLIDEN pre hasiaci prístroj 6 kg, 265 x 280 x 595 mm (A x B x C) Fire extinguisher SLIDEN plastic box 6 kg, 265 x 280 x 595 mm (A x B;https://www.ital-accessori.sk/katalog/book/KOMP/570/
Sárvédők, szerszámosládák;;J4535 Sárfogó lap 450x350 mm + felfogatás;Ital Accessori;150256;MEGVAN;nem;3;150256;Zásterky čierne pre nákladné vozidlá Black mudflaps for trucks;https://www.ital-accessori.sk/katalog/book/KOMP/529/
Sárvédők, szerszámosládák;;J5337 Sárfogó lap 530x370;Ital Accessori;150266;MEGVAN;nem;3;150266;Zásterky čierne pre nákladné vozidlá Black mudflaps for trucks;https://www.ital-accessori.sk/katalog/book/KOMP/529/
Sárvédők, szerszámosládák;;J608031 TH 42-es sárvédőtartó cső 750 mm 3p.;Ital Accessori;108031;MEGVAN;igen;5;108031;Trubka oceľová rovná - čierny komaxit s konzolou s 3 otvormi Straight black powder coated steel stay 3 holes attachment;https://www.ital-accessori.sk/katalog/book/KOMP/521/
Sárvédők, szerszámosládák;;J6530 Sárfogó lap 650x300 + felfogatás;Ital Accessori;150226;MEGVAN;nem;3;150226;Zásterky čierne lisované pre nákladné vozidlá Black mudflaps for trucks;https://www.ital-accessori.sk/katalog/book/KOMP/529/
Acél profilok;141722;Acél keret 109/21/3/6500;Ital Accessori;141722;NINCS;nem;0;;;
Acél profilok;141720;Acél keret 112/24/3/6500;Ital Accessori;141720;NINCS;nem;0;;;
Acél profilok;;Acél oldalfal 2 mm;Ital Accessori;HVAKKT400;NINCS;nem;0;;;
Acél profilok;;Acél oldalfal 2 mm;Ital Accessori;HVAKTT800;NINCS;nem;0;;;
Acél profilok;;Acél oldalfal 2 mm;Ital Accessori;HVTT800;NINCS;nem;0;;;
Acél profilok;;HV400 Acél oldalfal 2 mm;Ital Accessori;114050;NINCS;nem;0;;;
Acél profilok;;HV500 Acél oldalfal 2 mm;Ital Accessori;115050;NINCS;nem;0;;;
Acél profilok;;HV600 Acél oldalfal 2 mm;Ital Accessori;116050;NINCS;nem;0;;;
Acél profilok;;HVAK600 Acél oldalfal 2 mm;Ital Accessori;116260;NINCS;nem;0;;;
Acél és alu rakoncák és szegők;351336;MX rakoncaszegőprofil elox;Ital Accessori;13367;NINCS;nem;0;;;
Billencs alkatrészek;3510460;Bill. Rakonca csap SP.41 horg;Ital Accessori;H010460;NINCS;nem;0;;;
Billencs alkatrészek;351372;Bill. első rakonca 805x40 R/L;Ital Accessori;321372/73;NINCS;nem;0;;;
Billencs alkatrészek;351375;Bill. hátsó rakonca 805x40 +zseb R/L;Ital Accessori;321375/76/321644;NINCS;nem;0;;;
Billencs alkatrészek;351374;Bill. középső rakonca 805x40 +zseb;Ital Accessori;321374/321644;NINCS;nem;0;;;
Billencs alkatrészek;3521696;Billencs első rakonca 400 mm B;Ital Accessori;321696;NINCS;nem;0;;;
Billencs alkatrészek;3526700;Billencs első rakonca 400 mm B;Ital Accessori;267;NINCS;nem;0;;;
Billencs alkatrészek;3521695;Billencs első rakonca 400 mm J;Ital Accessori;321695;NINCS;nem;0;;;
Billencs alkatrészek;352190;Billencs első rakonca 400 mm J/b;Ital Accessori;321900, 323900;NINCS;nem;0;;;
Billencs alkatrészek;140451;D45,5 zárt omega lefogató;Ital Accessori;;NINCS;nem;0;;;
Billencs alkatrészek;140501;D50 zárt omega lefogató;Ital Accessori;510502;NINCS;nem;0;;;
Billencs alkatrészek;140552;D55 zárt omega lefogató;Ital Accessori;510552;NINCS;nem;0;;;
Billencs alkatrészek;3052;Munkahenger 11t 05x1230x152;Ital Accessori;3052S;NINCS;nem;0;;;
Billencs alkatrészek;3092;Munkahenger 8t 05x1040x124;Ital Accessori;3092S;NINCS;nem;0;;;
Billencs alkatrészek;771094;N-Force Bil. Vezérlő;Ital Accessori;771094;NINCS;nem;0;;;
Billencs alkatrészek;771101;N-Force Bil. vezérlő nem kapcsolós;Ital Accessori;771101;NINCS;nem;0;;;
Billencs alkatrészek;770065;N-Force takaró doboz;Ital Accessori;770065;NINCS;nem;0;;;
Billencs alkatrészek;779401;Olaj szűrő 41L acél;Ital Accessori;779401;NINCS;nem;0;;;
Billencs alkatrészek;770410;Olaj tartály 40L;Ital Accessori;770410;NINCS;nem;0;;;
Billencs alkatrészek;146039;Végálláskapcsoló elektromos konzollal;Ital Accessori;12100039;NINCS;nem;0;;;
Billencs alkatrészek;142211;Áramtalanító kapcsoló;Ital Accessori;12201100302;NINCS;nem;0;;;
Billencs alkatrészek;141219;"Útváltó 3/4""";Ital Accessori;12101900351;NINCS;nem;0;;;
Dobozos felépítmény alkatrészek;502220;2 fokos létra Thorg. stéges TK;Ital Accessori;TK8255;NINCS;nem;0;;;
Dobozos felépítmény alkatrészek;502287;3 fokos létra Thorg. stéges TK;Ital Accessori;228765;NINCS;nem;0;;;
Dobozos felépítmény alkatrészek;143020;Acéllemezes gumiütköző lap;Ital Accessori;;NINCS;nem;0;;;
Dobozos felépítmény alkatrészek;854043;Rugós ajtórögzítő elox ALU;Ital Accessori;854043;NINCS;nem;0;;;
Platós alkatrészek és kiegészítők;;302321/MGú Aláfutásgátló konzol 430 mm;Ital Accessori;TK3021;NINCS;nem;0;;;
Platós alkatrészek és kiegészítők;;302323/MGú Aláfutásgátló konzol 572 mm;Ital Accessori;TK3023;NINCS;nem;0;;;
Platós alkatrészek és kiegészítők;;302325/MGÚ Aláfutásgátló konzol 710 mm;Ital Accessori;123025;NINCS;nem;0;;;
Platós alkatrészek és kiegészítők;302352/MGR;Aláfutásgátló konzol 572 mm;Ital Accessori;TL301208;NINCS;nem;0;;;
Platós alkatrészek és kiegészítők;302357/MGR;Aláfutásgátló konzol 710 mm;Ital Accessori;123057;NINCS;nem;0;;;
Platós alkatrészek és kiegészítők;301390;Aláfutásgátló konzol rőgzítő alátét;Ital Accessori;TK1390;NINCS;nem;0;;;
Platós alkatrészek és kiegészítők;337245;Hátsó lámpatartó, rendszámtábla tartó ALU;Ital Accessori;182100245;NINCS;nem;0;;;
Platós alkatrészek és kiegészítők;152751;TIR-zsanér Alu ház;Ital Accessori;15275101;NINCS;nem;0;;;
Platós alkatrészek és kiegészítők;152761;TIR-zsanér garnitúra Alu házas;Ital Accessori;;NINCS;nem;0;;;
Ponyvás oldalfal profilok és szegők;223085;"""h"" szegő, kiugrós 30 mm elox";Ital Accessori;463085;NINCS;nem;0;;;
Ponyvás oldalfal profilok és szegők;226215;"""u"" 40 mm szegő profil";Ital Accessori;4616215;NINCS;nem;0;;;
Ponyvás oldalfal profilok és szegők;226701;"Tömítés 40 ""u"" szegőhöz";Ital Accessori;BT67001;NINCS;nem;0;;;
Ponyvás oldalfal profilok és szegők;226240;"Tömítéses ""u"" szegő 40 mm";Ital Accessori;4616240;NINCS;nem;0;;;
Rakományrögzítés;125311;2-részes rakományrögzítő gyűrű + lefogatás;Ital Accessori;45095311;NINCS;nem;0;;;
Rakományrögzítés;127706;Acél rak. rögzítő kampós sülly.;Ital Accessori;070706;NINCS;nem;0;;;
Rakományrögzítés;127184;Talpas térelválasztó rakományrögzítő rúd D42 ALU;Ital Accessori;50071084;NINCS;nem;0;;;
Speciális felépítmény alkatrészek;753;Reflex szalag piros ponyvára;Ital Accessori;;NINCS;nem;0;;;
Speciális felépítmény alkatrészek;752;Reflex szalag ponyvára, fehér;Ital Accessori;;NINCS;nem;0;;;
Speciális felépítmény alkatrészek;751;Reflex szalag ponyvára, sárga;Ital Accessori;;NINCS;nem;0;;;
Speciális felépítmény alkatrészek;990160;Reflex tábla 565x140x0,8 ECE70/01;Ital Accessori;990160;NINCS;nem;0;;;
Sárvédők, szerszámosládák;;DAKEN láda 500x350x400 mm;Ital Accessori;;NINCS;nem;0;;;
Sárvédők, szerszámosládák;;J6030 Sárfogó lap 600x300;Ital Accessori;;NINCS;nem;0;;;
Sárvédők, szerszámosládák;;J6040 Sárfogó lap 600x400;Ital Accessori;;NINCS;nem;0;;;
Sárvédők, szerszámosládák;302550;Konzol Víztartályhoz;Ital Accessori;;NINCS;nem;0;;;
Sárvédők, szerszámosládák;302340;Víztartály 18L;Ital Accessori;302340;NINCS;nem;0;;;
Sárvédők, szerszámosládák;302341;Víztartály 18L + szappan adagoló;Ital Accessori;RSTIDRO18SN0;NINCS;nem;0;;;
Sárvédők, szerszámosládák;302515;Víztartály 30L + szappantartó;Ital Accessori;;NINCS;nem;0;;;
Sárvédők, szerszámosládák;;260FT Csapott tetejű sárvédő;JONESCO;JX06F;MEGVAN;igen;5;JX06F;JX06F (flat-top-xgard);https://jonesco-plastics.com/products/commercial-vehicle/mudguards/flat-top-xgard
Sárvédők, szerszámosládák;;400x700 mm sárvédő lap StopSpay;JONESCO;JF4070;MEGVAN;igen;2;JF4070;JF4070 (antispray-mudflaps);https://jonesco-plastics.com/products/commercial-vehicle/mudflaps/antispray-mudflaps
Sárvédők, szerszámosládák;;550FT Csapott tetejű sárvédő;JONESCO;J41F;MEGVAN;igen;5;J41F;J41F (flat-top-j-wing);https://jonesco-plastics.com/products/commercial-vehicle/mudguards/flat-top-j-wing
Sárvédők, szerszámosládák;;600 FT Csapott tetejű sárvédő;JONESCO;J43F;MEGVAN;igen;5;J43F;J43F (flat-top-j-wing);https://jonesco-plastics.com/products/commercial-vehicle/mudguards/flat-top-j-wing
Sárvédők, szerszámosládák;;660x1220 mm sárvédő lap StopSpray;JONESCO;JF66122;MEGVAN;igen;2;JF66122;JF66122 (antispray-mudflaps);https://jonesco-plastics.com/products/commercial-vehicle/mudflaps/antispray-mudflaps
Sárvédők, szerszámosládák;;710x560 mm sárvédő lap StopSpray;JONESCO;JF7156;MEGVAN;igen;2;JF7156;JF7156 (antispray-mudflaps);https://jonesco-plastics.com/products/commercial-vehicle/mudflaps/antispray-mudflaps
Sárvédők, szerszámosládák;;J09 Íves sárvédő 270/1280/410;JONESCO;;MEGVAN;igen;7;HL09;HL09 (single-arch-highgard);https://jonesco-plastics.com/products/commercial-vehicle/mudguards/single-arch-highgard
Sárvédők, szerszámosládák;;J27 Íves sárvédő 475/1430/430;JONESCO;;MEGVAN;igen;7;HL27;HL27 (single-arch-highgard);https://jonesco-plastics.com/products/commercial-vehicle/mudguards/single-arch-highgard
Sárvédők, szerszámosládák;;J27F 450FT Csapott tetejű sárvédő;JONESCO;;MEGVAN;igen;5;J27F;J27F (flat-top-j-wing);https://jonesco-plastics.com/products/commercial-vehicle/mudguards/flat-top-j-wing
Sárvédők, szerszámosládák;;J28F 455FT Csapott tetejű sárvédő;JONESCO;;MEGVAN;igen;5;J28F;J28F (flat-top-j-wing);https://jonesco-plastics.com/products/commercial-vehicle/mudguards/flat-top-j-wing
Sárvédők, szerszámosládák;;J39B 530 Íves sárvédő;JONESCO;;MEGVAN;igen;7;HL39B;HL39B (single-arch-highgard);https://jonesco-plastics.com/products/commercial-vehicle/mudguards/single-arch-highgard
Sárvédők, szerszámosládák;;J4030 Sárfogó lap 400x300 mm;JONESCO;;MEGVAN;igen;2;214030;214030 (plain-mudflaps);https://jonesco-plastics.com/products/commercial-vehicle/mudflaps/plain-mudflaps
Sárvédők, szerszámosládák;;J43B Íves sárvédő 610/1830/550;JONESCO;;MEGVAN;igen;7;HL43B;HL43B (single-arch-highgard);https://jonesco-plastics.com/products/commercial-vehicle/mudguards/single-arch-highgard
Sárvédők, szerszámosládák;;J45A 650 Íves sárvédő;JONESCO;;MEGVAN;igen;7;HL45A;HL45A (single-arch-highgard);https://jonesco-plastics.com/products/commercial-vehicle/mudguards/single-arch-highgard
Sárvédők, szerszámosládák;;J45B 635 Íves sárvédő;JONESCO;;MEGVAN;igen;7;HL45B;HL45B (single-arch-highgard);https://jonesco-plastics.com/products/commercial-vehicle/mudguards/single-arch-highgard
Sárvédők, szerszámosládák;;J46F 640FT Csapott tetejű sárvédő;JONESCO;;MEGVAN;igen;5;J46F;J46F (flat-top-j-wing);https://jonesco-plastics.com/products/commercial-vehicle/mudguards/flat-top-j-wing
Sárvédők, szerszámosládák;;J47 Íves sárvédő 670/2110/690;JONESCO;;MEGVAN;igen;7;HL47;HL47 (single-arch-highgard);https://jonesco-plastics.com/products/commercial-vehicle/mudguards/single-arch-highgard
Sárvédők, szerszámosládák;;J6540 Sárfogó lap 650x400;JONESCO;216540;MEGVAN;igen;2;216540;216540 (plain-mudflaps);https://jonesco-plastics.com/products/commercial-vehicle/mudflaps/plain-mudflaps
Sárvédők, szerszámosládák;;JBX100 Szerszámos láda;JONESCO;;MEGVAN;igen;6;JBZ1000;JBZ1000 (1000mm-toolbox);https://jonesco-plastics.com/products/commercial-vehicle/on-board-storage/1000mm-toolbox
Sárvédők, szerszámosládák;;JBX400 D Szerszámos láda;JONESCO;;MEGVAN;igen;4;JBC40;JBC40 (compact-storage-box);https://jonesco-plastics.com/products/commercial-vehicle/on-board-storage/compact-storage-box
Sárvédők, szerszámosládák;;JBX45 Szerszámos láda;JONESCO;;MEGVAN;igen;5;JBZ450;JBZ450 (450mm-toolbox);https://jonesco-plastics.com/products/commercial-vehicle/on-board-storage/450mm-toolbox
Sárvédők, szerszámosládák;;JBX52 Szerszámos láda;JONESCO;;MEGVAN;igen;5;JBZ520;JBZ520 (520mm-toolbox);https://jonesco-plastics.com/products/commercial-vehicle/on-board-storage/520mm-toolbox
Sárvédők, szerszámosládák;;JBX65 Szerszámos láda;JONESCO;;MEGVAN;igen;6;JBZ650;JBZ650 (650mm-toolbox);https://jonesco-plastics.com/products/commercial-vehicle/on-board-storage/650mm-toolbox
Sárvédők, szerszámosládák;;JBZ52 Szerszámos láda;JONESCO;;MEGVAN;igen;5;JBZ520;JBZ520 (520mm-toolbox);https://jonesco-plastics.com/products/commercial-vehicle/on-board-storage/520mm-toolbox
Sárvédők, szerszámosládák;;JBZ60 Szerszámos láda;JONESCO;;MEGVAN;igen;5;JBZ600;JBZ600 (600mm-toolbox);https://jonesco-plastics.com/products/commercial-vehicle/on-board-storage/600mm-toolbox
Sárvédők, szerszámosládák;;JF6092 Spriccelésvédő;JONESCO;;MEGVAN;igen;2;216092;216092 (plain-mudflaps);https://jonesco-plastics.com/products/commercial-vehicle/mudflaps/plain-mudflaps
Sárvédők, szerszámosládák;;JF61122 610x1220 mm sárvédő lap StopSray;JONESCO;;MEGVAN;igen;2;JF61122;JF61122 (antispray-mudflaps);https://jonesco-plastics.com/products/commercial-vehicle/mudflaps/antispray-mudflaps
Sárvédők, szerszámosládák;;JHLS47 Negyedíves sárvédő 670;JONESCO;HLS47;MEGVAN;igen;5;HLS47;HLS47 (section-highgard);https://jonesco-plastics.com/products/commercial-vehicle/mudguards/section-highgard
Sárvédők, szerszámosládák;;JKITXPF42 42-es műanyag csőtartó;JONESCO;KITXP42;MEGVAN;igen;1;KITXPF42;KITXPF42 (xpf-fixing-kit);https://jonesco-plastics.com/products/commercial-vehicle/fixing-systems/xpf-fixing-kit
Sárvédők, szerszámosládák;;JS43EB Festett fekete sárvédőtartó 42 mm;JONESCO;;MEGVAN;igen;2;JS43E;JS43E (stay-with-hexagonal-flange);https://jonesco-plastics.com/products/commercial-vehicle/fixing-systems/stay-with-hexagonal-flange
Sárvédők, szerszámosládák;;JVG26A Íves sárvédő 420x1900x1270;JONESCO;;MEGVAN;igen;7;HL26A;HL26A (single-arch-highgard);https://jonesco-plastics.com/products/commercial-vehicle/mudguards/single-arch-highgard
Sárvédők, szerszámosládák;;JVG39B 530 Íves sárvédő;JONESCO;;MEGVAN;igen;7;HL39B;HL39B (single-arch-highgard);https://jonesco-plastics.com/products/commercial-vehicle/mudguards/single-arch-highgard
Sárvédők, szerszámosládák;;JVG43D 610 Íves sárvédő;JONESCO;;MEGVAN;igen;7;HL43D;HL43D (single-arch-highgard);https://jonesco-plastics.com/products/commercial-vehicle/mudguards/single-arch-highgard
Sárvédők, szerszámosládák;;JVG47 670 Íves sárvédő;JONESCO;vg47;MEGVAN;igen;7;HL47;HL47 (single-arch-highgard);https://jonesco-plastics.com/products/commercial-vehicle/mudguards/single-arch-highgard
Sárvédők, szerszámosládák;;JX37F 510FT Csapott tetejű sárvédő;JONESCO;;MEGVAN;igen;5;JX37F;JX37F (flat-top-xgard);https://jonesco-plastics.com/products/commercial-vehicle/mudguards/flat-top-xgard
Sárvédők, szerszámosládák;;Szerszámos láda;JONESCO;JBX80;MEGVAN;igen;6;JBZ800;JBZ800 (800mm-toolbox);https://jonesco-plastics.com/products/commercial-vehicle/on-board-storage/800mm-toolbox
Sárvédők, szerszámosládák;;JF45106 450x1060 mm sárvédő lap;JONESCO;;NINCS;nem;0;;;
Ponyvarendszer kiegészítők;106060;D60-as acél csődugótartó fészek;Kadia;;NINCS;nem;0;;;
Alumínium lemezek;;S 1,5/2x1000x2000 mm Diamond Alu lemez EN AW-3003 H224;Klöckner;;NINCS;nem;0;;;
Alumínium lemezek;;S 1,5/2x1500x3000 mm DUETT cseppmintás Alu lemez EN AW-5754 (AlMg3) H114;Klöckner;;NINCS;nem;0;;;
Alumínium lemezek;;S 1,5x1000x2000 mm Alu lemez EN AW-1050 H24;Klöckner;;NINCS;nem;0;;;
Alumínium lemezek;;S 1,5x1250x2500 mm Alu lemez EN AW-1050 H24;Klöckner;;NINCS;nem;0;;;
Alumínium lemezek;;S 2,5/4x1250x2500 mm Cseppmintás EN AW-5754 H114;Klöckner;;NINCS;nem;0;;;
Alumínium lemezek;;S 2/3,5x1000x2000 mm Cseppmintás EN AW-5754 H114;Klöckner;;NINCS;nem;0;;;
Alumínium lemezek;;S 2/3,5x1250x2500 mm Cseppmintás EN AW-5754 H114;Klöckner;;NINCS;nem;0;;;
Alumínium lemezek;;S 2/3,5x1500x3000 mm Cseppmintás EN AW-5754 H114;Klöckner;;NINCS;nem;0;;;
Alumínium lemezek;;S 2x1000x2000 mm Alu lemez EN AW-1050 H24;Klöckner;;NINCS;nem;0;;;
Alumínium lemezek;;S 2x1000x2000 mm ELOX Alu lemez EN AW-5002;Klöckner;;NINCS;nem;0;;;
Alumínium lemezek;;S 2x1250x2500 mm Alu lemez EN AW-1050 H24;Klöckner;;NINCS;nem;0;;;
Alumínium lemezek;;S 2x1250x2500 mm Alu lemez EN AW-5754 H22;Klöckner;;NINCS;nem;0;;;
Alumínium lemezek;;S 2x1250x2500 mm ELOX Alu lemez EN AW-5005A H14;Klöckner;;NINCS;nem;0;;;
Alumínium lemezek;;S 2x1500x3000 mm Alu lemez EN AW-1050 H24;Klöckner;;NINCS;nem;0;;;
Alumínium lemezek;;S 3/4,5x1250x2500 mm Cseppmintás EN AW-5754 H114;Klöckner;;NINCS;nem;0;;;
Alumínium lemezek;;S 3x1250x2500 mm Alu lemez EN AW-1050 H24;Klöckner;;NINCS;nem;0;;;
Alumínium lemezek;;S 3x1250x2500 mm Alu lemez EN AW-5754 H22;Klöckner;;NINCS;nem;0;;;
Alumínium lemezek;;S 3x1250x2500 mm ELOX Alu lemez EN AW-5005A H14;Klöckner;;NINCS;nem;0;;;
Alumínium lemezek;;S 3x1500x3000 mm Alu lemez EN AW-1050 H24;Klöckner;;NINCS;nem;0;;;
Alumínium lemezek;;S 3x1500x3000 mm ELOX Alu lemez EN AW-5005A H14;Klöckner;;NINCS;nem;0;;;
Alumínium lemezek;;S 4/5,5x1250x2500 mm Cseppmintás EN AW-5754 H114;Klöckner;;NINCS;nem;0;;;
Alumínium lemezek;;S 5/6,5x1250x2500 mm Cseppmintás EN AW-5754 H114;Klöckner;;NINCS;nem;0;;;
Alumínium lemezek;;S 6x1250x2500 mm Alu lemez EN AW-5754 H22;Klöckner;;NINCS;nem;0;;;
Ipari félgyártmányok;252003;20x3 mm Alu lapos profil;Klöckner;;NINCS;nem;0;;;
Ipari félgyártmányok;250305;30x5 mm Alu lapos profil;Klöckner;;NINCS;nem;0;;;
Ipari félgyártmányok;252251;40x10 mm Alu lapos profil;Klöckner;6060A /T6;NINCS;nem;0;;;
Ipari félgyártmányok;252229;40x40x4 alu zártszelvény;Klöckner;;NINCS;nem;0;;;
Ipari félgyártmányok;250405;40x5 mm Alu lapos profil;Klöckner;C01PI4005;NINCS;nem;0;;;
Ipari félgyártmányok;253337;50x50x4 alu zártszelvény;Klöckner;;NINCS;nem;0;;;
Rakományrögzítés;;121018-SL Rakományrögzítő rúd ALU 1650-2050 mm;Load Look;18AL-SL;NINCS;nem;0;;;
Rakományrögzítés;121019;Rakományrögzítő rúd ALU 2050-2450 mm;Load Look;18AL;NINCS;nem;0;;;
Hátsó ajtók és áthajtó rámpák;;Rámpa 040x615x2500;MetalMec;MM045ST.60.25;NINCS;nem;0;;;
Hátsó ajtók és áthajtó rámpák;;Áthajtó rámpa;MetalMec;MS030AC;NINCS;nem;0;;;
Ponyvarendszer kiegészítők;221304;50x25 mm Ponyvatartó zártszelvény M;Metra;R1304;NINCS;nem;0;;;
Ponyvás oldalfal profilok és szegők;220326/n;"""u"" 25 mm szegő profil M";Metra;B0326;NINCS;nem;0;;;
Ponyvás oldalfal profilok és szegők;220326;"""u"" 25 mm szegő profil elox M";Metra;B0326;NINCS;nem;0;;;
Ponyvás oldalfal profilok és szegők;226830;300 mm MONO profil elox;Metra;R6830;NINCS;nem;0;;;
Ponyvás oldalfal profilok és szegők;223350;350 mm MONO profil szakálas elox;Metra;R7784;NINCS;nem;0;;;
Ponyvás oldalfal profilok és szegők;223367;400 mm peremes MONOprofil elox;Metra;3367;NINCS;nem;0;;;
Alumínium lemezek;;S 1,2x1250x2500mm Fehér festett lemez RAL9016;Novelis;;NINCS;nem;0;;;
Alumínium lemezek;;S 1,2x1500x2500mm Fehér festett lemez RAL9016;Novelis;;NINCS;nem;0;;;
Alumínium lemezek;;S 1,2x1500x3000mm Fehér festett lemez RAL9016;Novelis;;NINCS;nem;0;;;
Speciális felépítmény alkatrészek;;17310-1 Tetőablak 40/80 alu kerettel + kalapács;OTO TRIM;18-RH-17310-1;NINCS;nem;0;;;
Speciális felépítmény alkatrészek;;18533-1 24V E-Tetőablak 945x518 +kapcsoló;OTO TRIM;18-ER-18533-1;NINCS;nem;0;;;
Sárvédők, szerszámosládák;;J5025135P Sárvédő 450FT;PARLOK;;MEGVAN;igen;5;100264;Mudguard 450x1400 FT;https://www.parlok.com/products/commercial-vehicles/mudguards/flat-top
Sárvédők, szerszámosládák;;J5025137P Sárvédő 450FT;PARLOK;;MEGVAN;igen;5;100271;Mudguard 450x1570 FT;https://www.parlok.com/products/commercial-vehicles/mudguards/flat-top
Sárvédők, szerszámosládák;;J5039700P 42-es műanyag csőtartó;PARLOK;5039700;MEGVAN;igen;0;100422;Bracket MR42 technical thermoplastic;https://www.parlok.com/products/commercial-vehicles/brackets/bracket-mr
Sárvédők, szerszámosládák;;J5043500P Szerszámos láda 550 mm;PARLOK;5043500;MEGVAN;igen;3;100451;Toolbox 550 SL3 w/o brackets;https://www.parlok.com/products/commercial-vehicles/toolboxes/550-sl
Sárvédők, szerszámosládák;;J5043700P Szerszámos láda 700 mm;PARLOK;5043700;MEGVAN;igen;3;100453;Toolbox 700L SL3 w/o brackets;https://www.parlok.com/products/commercial-vehicles/toolboxes/700-l-sl
Sárvédők, szerszámosládák;;J5044600P Szerszámos láda 600 mm;PARLOK;100452;MEGVAN;igen;3;100463;Toolbox 600 SL4 with brackets;https://www.parlok.com/products/commercial-vehicles/toolboxes/600-sl
Sárvédők, szerszámosládák;;J5110070P 680/700 negyedíves sárvédő;PARLOK;;MEGVAN;igen;5;100843;Mudguard 680x700 R630 WL;https://www.parlok.com/products/commercial-vehicles/mudguards/wl-v-quarter
Sárvédők, szerszámosládák;;J5110185P Íves sárvédő 680/1800/R580;PARLOK;5110185;MEGVAN;igen;5;100857;Mudguard 680x1800 R580 WL;https://www.parlok.com/products/commercial-vehicles/mudguards/white-line-v
Sárvédők, szerszámosládák;;J5110190P Íves sárvédő 680/1900/R630 WL;PARLOK;5110190;MEGVAN;igen;5;100865;Mudguard 680x1900 R630 WL;https://www.parlok.com/products/commercial-vehicles/mudguards/white-line-v
Sárvédők, szerszámosládák;;J5110217P Íves sárvédő 680+P42;PARLOK;;MEGVAN;igen;5;100924;Mudguard 680x2175 R630 WL;https://www.parlok.com/products/commercial-vehicles/mudguards/white-line-v
Sárvédők, szerszámosládák;;J5110217P Íves sárvédő 680/2175/R630;PARLOK;5110217;MEGVAN;igen;5;100924;Mudguard 680x2175 R630 WL;https://www.parlok.com/products/commercial-vehicles/mudguards/white-line-v
Sárvédők, szerszámosládák;;J5110225P Íves sárvédő 680/1900/R630 3 részes;PARLOK;5110225;MEGVAN;igen;5;100943;Mudguard 680x1900 R630 WL 3-piece;https://www.parlok.com/products/commercial-vehicles/mudguards/wl-v-3-piece
Sárvédők, szerszámosládák;;J5110303P Íves sárvédő 670/2175/670;PARLOK;;MEGVAN;igen;3;100974;Mudguard 670x2175 R670 WL;https://www.parlok.com/products/commercial-vehicles/mudguards/white-line-v
Sárvédők, szerszámosládák;;J5120185P Íves sárvédő 650/1800/R580 wl;PARLOK;5120185;MEGVAN;igen;5;101047;Mudguard 650x1800 R580 WL;https://www.parlok.com/products/commercial-vehicles/mudguards/white-line-v
Sárvédők, szerszámosládák;;J5120190P Íves sárvédő 650/1900/630;PARLOK;5120190;MEGVAN;igen;5;101052;Mudguard 650x1900 R630 WL;https://www.parlok.com/products/commercial-vehicles/mudguards/white-line-v
Sárvédők, szerszámosládák;;J5120940P Íves sárvédő 630/1650/R580;PARLOK;5120940;MEGVAN;igen;5;101087;Mudguard 630x1650 R580 WL;https://www.parlok.com/products/commercial-vehicles/mudguards/white-line-v
Sárvédők, szerszámosládák;;J5122170P Íves sárvédő 595/1700/550;PARLOK;5122170;MEGVAN;igen;5;101222;Mudguard 595x1700 R550 WL;https://www.parlok.com/products/commercial-vehicles/mudguards/white-line-v
Sárvédők, szerszámosládák;;J5123171P Íves sárvédő 550/1700/500;PARLOK;5123171;MEGVAN;igen;3;101290;Mudguard 550x1700 R500 WL;https://www.parlok.com/products/commercial-vehicles/mudguards/white-line-v
Sárvédők, szerszámosládák;;J5123175P Íves sárvédő 550/1700/R550 WL;PARLOK;5123175;MEGVAN;igen;5;101299;Mudguard 550x1700 R550 WL;https://www.parlok.com/products/commercial-vehicles/mudguards/white-line-v
Sárvédők, szerszámosládák;;J5124018P Íves sárvédő 405/1800/R580 WL;PARLOK;5124018;MEGVAN;igen;5;101320;Mudguard 405x1800 R580 WL;https://www.parlok.com/products/commercial-vehicles/mudguards/white-line-v
Sárvédők, szerszámosládák;;J5124160P Íves sárvédő 500/1600/500 WL;PARLOK;5124160;MEGVAN;igen;5;101350;Mudguard 500x1600 R500 WL;https://www.parlok.com/products/commercial-vehicles/mudguards/white-line-v
Sárvédők, szerszámosládák;;J5124170P Íves sárvédő 500/1700/500;PARLOK;5124170;MEGVAN;igen;3;101353;Mudguard 500x1700 R500 WL;https://www.parlok.com/products/commercial-vehicles/mudguards/white-line-v
Sárvédők, szerszámosládák;;J5124870P Íves sárvédő 500/1700/R550 WL;PARLOK;5124870;MEGVAN;igen;5;101414;Mudguard 500x1700 R550 WL;https://www.parlok.com/products/commercial-vehicles/mudguards/white-line-v
Sárvédők, szerszámosládák;;J5125140P Íves sárvédő 450/1400/R450 WL;PARLOK;5125140;MEGVAN;igen;5;101453;Mudguard 450x1400 R420 WL;https://www.parlok.com/products/commercial-vehicles/mudguards/white-line-v
Sárvédők, szerszámosládák;;J5126190P Íves sárvédő 430/1900/R650 WL;PARLOK;5126190;MEGVAN;igen;5;101479;Mudguard 430x1900 R650 WL;https://www.parlok.com/products/commercial-vehicles/mudguards/white-line-v
Sárvédők, szerszámosládák;;J5126503P Íves sárvédő 405/1900/R635 WL;PARLOK;5126503;MEGVAN;igen;5;101616;Mudguard 405x1900 R635 WL;https://www.parlok.com/products/commercial-vehicles/mudguards/white-line-v
Sárvédők, szerszámosládák;;J5126530P Íves sárvédő 430/1900/R650 3 részes;PARLOK;5126530;MEGVAN;igen;5;101678;Mudguard 430x1900 R650 WL 3-piece;https://www.parlok.com/products/commercial-vehicles/mudguards/wl-v-3-piece
Sárvédők, szerszámosládák;;J5165920P Íves sárvédő 595/2000/R550 Supra;PARLOK;5165920;MEGVAN;igen;5;102036;Mudguard 595x2000 R550 WL Supra;https://www.parlok.com/products/commercial-vehicles/supra-anti-spray/white-line-v-supra
Sárvédők, szerszámosládák;;J5166319P Íves sárvédő 630/1930/R530 Supra;PARLOK;5166319;MEGVAN;igen;5;102086;Mudguard 630x1930 R530 WL Supra;https://www.parlok.com/products/commercial-vehicles/supra-anti-spray/white-line-v-supra
Sárvédők, szerszámosládák;;J5166320P Íves sárvédő 630/2050/580 Supra;PARLOK;;MEGVAN;igen;5;102104;Mudguard 630x2050 R580 WL Supra;https://www.parlok.com/products/commercial-vehicles/supra-anti-spray/white-line-v-supra
Sárvédők, szerszámosládák;;J5166823P Íves sárvédő 680/2300 R630 WL Supra;PARLOK;5166823;MEGVAN;igen;5;102240;Mudguard 680x2300 R630 WL Supra;https://www.parlok.com/products/commercial-vehicles/supra-anti-spray/white-line-v-supra
Sárvédők, szerszámosládák;;J5166825P Íves sárvédő 680/2575 Supra;PARLOK;;MEGVAN;igen;5;102289;Mudguard 680x2575 R630 WL Supra;https://www.parlok.com/products/commercial-vehicles/supra-anti-spray/white-line-v-supra
Sárvédők, szerszámosládák;;J5942550P Szerszámos láda tartó konzol;PARLOK;102902;MEGVAN;igen;0;102827;Installation kit for toolbox 550-700L SL4;https://www.parlok.com/products/commercial-vehicles/toolboxes/550-sl
Ponyvarendszer kiegészítők;;3840-2900-SSTAVG 27 MM feszítő ALU cső;PB planen;40-SSTAVG-2900;NINCS;nem;0;;;
Ponyvarendszer kiegészítők;;38400-CB27-HSD kézi heveder szürke bilinccsel készlet;PB planen;40-HSD-CB27;NINCS;nem;0;;;
Üvegszálas poliészter;;POL Frigoser High Gloss 1,5x1900 mm;POLSER;;NINCS;nem;0;;;
Üvegszálas poliészter;;POL Frigoser High Gloss 1,5x2000 mm;POLSER;;NINCS;nem;0;;;
Üvegszálas poliészter;;POL Frigoser High Gloss 1,5x2100 mm;POLSER;;NINCS;nem;0;;;
Üvegszálas poliészter;;POL Frigoser High Gloss 1,5x2200 mm;POLSER;;NINCS;nem;0;;;
Üvegszálas poliészter;;POL Frigoser High Gloss 1,5x2300 mm;POLSER;;NINCS;nem;0;;;
Üvegszálas poliészter;;POL Frigoser High Gloss 1,5x2400 mm;POLSER;;NINCS;nem;0;;;
Üvegszálas poliészter;;POL Frigoser High Gloss 1,5x2500 mm;POLSER;;NINCS;nem;0;;;
Üvegszálas poliészter;;POL Frigoser High Gloss 1,5x2600 mm;POLSER;;NINCS;nem;0;;;
Üvegszálas poliészter;;POL Frigoser High Gloss 2,0x2300 mm;POLSER;;NINCS;nem;0;;;
Üvegszálas poliészter;;POL Frigoser High Gloss 2,0x2400 mm;POLSER;;NINCS;nem;0;;;
Üvegszálas poliészter;;POL Frigoser High Gloss 2,0x2500 mm;POLSER;;NINCS;nem;0;;;
Üvegszálas poliészter;;POL Frigoser High Gloss 2,0x2600 mm;POLSER;;NINCS;nem;0;;;
Üvegszálas poliészter;;POL Frigoser High Impact 0,8x2000 mm;POLSER;;NINCS;nem;0;;;
Üvegszálas poliészter;;POL/Panel 25 mm;POLSER;;NINCS;nem;0;;;
Üvegszálas poliészter;;POL/Panel 25 mm szendvicspanel erősített;POLSER;;NINCS;nem;0;;;
Üvegszálas poliészter;;POLYDET High Gloss 1600/1,5 Corona;POLSER;;NINCS;nem;0;;;
Üvegszálas poliészter;;POLYDET High Gloss 1900/1,5 Corona;POLSER;;NINCS;nem;0;;;
Üvegszálas poliészter;;POLYDET High Gloss 2000/1,5 Corona;POLSER;;NINCS;nem;0;;;
Üvegszálas poliészter;;POLYDET High Gloss 2100/1,5 Corona;POLSER;;NINCS;nem;0;;;
Üvegszálas poliészter;;POLYDET High Gloss 2200/1,5 Corona;POLSER;;NINCS;nem;0;;;
Üvegszálas poliészter;;POLYDET High Gloss 2300/1,5 Corona;POLSER;;NINCS;nem;0;;;
Üvegszálas poliészter;;POLYDET Performance Plus 2000/1,5 Roughened;POLSER;;NINCS;nem;0;;;
Üvegszálas poliészter;;POLYDET Performance Plus 2100/1,8 CORONA;POLSER;;NINCS;nem;0;;;
Üvegszálas poliészter;;POLYDET Performance Plus 2200/1,5 Roughened;POLSER;;NINCS;nem;0;;;
Üvegszálas poliészter;;POLYDET Performance Plus 2200/1,8 CORONA;POLSER;;NINCS;nem;0;;;
Üvegszálas poliészter;;POLYDET Performance Plus 2300/1,8 CORONA;POLSER;;NINCS;nem;0;;;
Üvegszálas poliészter;;POLYDET Performance Plus 2400/1,8 Roughened;POLSER;;NINCS;nem;0;;;
Üvegszálas poliészter;;POLYDET Performance Plus 2500/1,8 CORONA;POLSER;;NINCS;nem;0;;;
Dobozos felépítmény alkatrészek;512527;55 mm-es PVC tömítés PL;Pastore;072027678;MEGVAN;igen;3;072027678;PVC profile, grey, mm.55,5;https://www.pastorelombardi.com/eng/cerca?chiave=072027678
Dobozos felépítmény alkatrészek;512627;85 mm-es PVC tömítés PL;Pastore;072021426D;MEGVAN;igen;3;072021426D;PVC profile, grey, mm 85,5;https://www.pastorelombardi.com/eng/cerca?chiave=072021426D
Dobozos felépítmény alkatrészek;72298;Alu csőtartó biztosító csappal;Pastore;072622298;MEGVAN;igen;2;072622298;Anodized aluminum tube support with stainless steel hook stop with pin;https://www.pastorelombardi.com/eng/cerca?chiave=072622298
Dobozos felépítmény alkatrészek;72711;Első csővég;Pastore;072621711;MEGVAN;igen;2;072621711;Anodized aluminum front cap;https://www.pastorelombardi.com/eng/cerca?chiave=072621711
Dobozos felépítmény alkatrészek;72733;Hátsó csővég;Pastore;072621733;MEGVAN;igen;2;072621733;Anodized aluminum rear cap with fixed stainless steel pin;https://www.pastorelombardi.com/eng/cerca?chiave=072621733
Dobozos felépítmény alkatrészek;72299;Kampó rögzítő profil elox;Pastore;072622299;MEGVAN;igen;2;072622299;Hook stop profile in anodized aluminium, 7 m;https://www.pastorelombardi.com/eng/cerca?chiave=072622299
Dobozos felépítmény alkatrészek;719520;RM 27 mm nyomólapos rúdzár SET PL;Pastore;071226125;MEGVAN;igen;3;071226125;External door gear kit BIG 4 Ø27;https://www.pastorelombardi.com/eng/cerca?chiave=071226125
Dobozos felépítmény alkatrészek;810489;RM Lapos zsanér 140/4 mm PL;Pastore;070810489B;MEGVAN;igen;3;070810489B;Flat hinge for flaps;https://www.pastorelombardi.com/eng/cerca?chiave=070810489B
Dobozos felépítmény alkatrészek;892242;RM csavarozható hátsóajtó zsanérbak+ csap 96 mm PL;Pastore;070326242;MEGVAN;igen;3;070326242;Flat bracket with pin and nut;https://www.pastorelombardi.com/eng/cerca?chiave=070326242
Dobozos felépítmény alkatrészek;892343;RM csavarozható hátsóajtó zsanérbak+ csap 96 mm PL;Pastore;070326343;MEGVAN;igen;3;070326343;Inclined flat bracket with pin and nut;https://www.pastorelombardi.com/eng/cerca?chiave=070326343
Dobozos felépítmény alkatrészek;896966/A;RM hátsóajtó zsanérlap 280/4 mm PL;Pastore;070116966A;MEGVAN;igen;3;070116966A;Hinge;https://www.pastorelombardi.com/eng/cerca?chiave=070116966A
Dobozos felépítmény alkatrészek;892776;RM hátsóajtó zsanérlap 312x96/4mm PL;Pastore;070120776A;MEGVAN;igen;3;070120776A;Rear door hinge BIG H=mm 33;https://www.pastorelombardi.com/eng/cerca?chiave=070120776A
Dobozos felépítmény alkatrészek;896966;RM hátsóajtó zsanérlap+bak 280/4mm PL;Pastore;070116966A;MEGVAN;igen;3;070116966A;Hinge;https://www.pastorelombardi.com/eng/cerca?chiave=070116966A
Dobozos felépítmény alkatrészek;719259/48D;Rozsdamentes nyomólapos rúdzár 22mm;Pastore;071925948D;MEGVAN;igen;3;071925948D;External door lock Ø22;https://www.pastorelombardi.com/eng/cerca?chiave=071925948D
Dobozos felépítmény alkatrészek;714859;Süllyesztett INOX rúdzár 25/16 mm PL;Pastore;071425859;MEGVAN;igen;3;071425859;Recessed door lock APE CAR;https://www.pastorelombardi.com/eng/cerca?chiave=071425859
Speciális felépítmény alkatrészek;719210/19A;NYLON gyűrű 22mm kicsi;Pastore;071921019A;MEGVAN;igen;2;071921019A;Nylon bush;https://www.pastorelombardi.com/eng/cerca?chiave=071921019A
Speciális felépítmény alkatrészek;719339;Omega csőlefogató 22mm INOX;Pastore;071924339;MEGVAN;igen;3;071924339;Tube clamp SMALL for external door locks Ø mm 22/27;https://www.pastorelombardi.com/eng/cerca?chiave=071924339
Speciális felépítmény alkatrészek;719210/20;Omega csőlefogató 22mm INOX kicsi;Pastore;071921020;MEGVAN;igen;3;071921020;Small tube clamp;https://www.pastorelombardi.com/eng/cerca?chiave=071921020
Speciális felépítmény alkatrészek;719130;PE gyűrű 22mm;Pastore;071924130;MEGVAN;igen;2;071924130;Nylon bush Ø22;https://www.pastorelombardi.com/eng/cerca?chiave=071924130
Speciális felépítmény alkatrészek;719831;Rozsdamentes acél gyűrű 22mm PL;Pastore;071913831;MEGVAN;igen;3;071913831;Antirack washer;https://www.pastorelombardi.com/eng/cerca?chiave=071913831
Speciális felépítmény alkatrészek;719226/304;Rozsdamentes csővezető 22 mm PL;Pastore;071226304;MEGVAN;igen;3;071226304;Kit Lever clamp;https://www.pastorelombardi.com/eng/cerca?chiave=071226304
Speciális felépítmény alkatrészek;719220/18A;Rozsdamentes kar 22/27mm PL;Pastore;071922018A;MEGVAN;igen;3;071922018A;S.s. flat lever with coated handle for external door locks Ø mm. 22/27;https://www.pastorelombardi.com/eng/cerca?chiave=071922018A
Speciális felépítmény alkatrészek;719220/99A;Rozsdamentes kartartó 22/27mm PL;Pastore;071920299A;MEGVAN;igen;3;071920299A;Standard lever stay with holes Ø mm. 8,5 for external door locks Ø mm. 22/27;https://www.pastorelombardi.com/eng/cerca?chiave=071920299A
Speciális felépítmény alkatrészek;041280;Üzemanyag beöntő nagy;Pastore;024121322E;MEGVAN;nem;3;024121322E;Galvanized steel sheet filler flap without key and with S.S. spring, 296x258 mm;https://www.pastorelombardi.com/eng/cerca?chiave=024121322E
Dobozos felépítmény alkatrészek;516913;63 mm Hűtős gumi 13M;Pastore;;NINCS;nem;0;;;
Dobozos felépítmény alkatrészek;511813;83 mm Hűtős gumi 13M;Pastore;;NINCS;nem;0;;;
Dobozos felépítmény alkatrészek;72706;Hátsó csővég rugós;Pastore;072621707;NINCS;nem;0;;;
Dobozos felépítmény alkatrészek;552050;Ütközőgumi 200x50x80;Pastore;;NINCS;nem;0;;;
Speciális felépítmény alkatrészek;719220/99A;+ 719226/304 Rozsdamentes kartartó+csővezető;Pastore;;NINCS;nem;0;;;
Speciális felépítmény alkatrészek;041225;Üzemanyag beöntő 245x190 zárható;Pastore;024120253G;NINCS;nem;0;;;
Csúszásmentes rétegelt padló;;L 15x1250x2200 Rétegelt lemez fenolos;Peri;;NINCS;nem;0;;;
Csúszásmentes rétegelt padló;;L 15x1250x2200 Rétegelt lemez fenolos HEXA;Peri;;NINCS;nem;0;;;
Csúszásmentes rétegelt padló;;L 15x1250x2500 Rétegelt lemez Natúr;Peri;;NINCS;nem;0;;;
Csúszásmentes rétegelt padló;;L 15x1250x2500 Rétegelt lemez fenolos;Peri;;NINCS;nem;0;;;
Csúszásmentes rétegelt padló;;L 15x1250x2500 Rétegelt lemez fenolos HEXA;Peri;;NINCS;nem;0;;;
Csúszásmentes rétegelt padló;;L 18x1250x2200 Rétegelt lemez fenolos, HEXA;Peri;;NINCS;nem;0;;;
Csúszásmentes rétegelt padló;;L 18x1250x2500 Rétegelt lemez fenolos;Peri;;NINCS;nem;0;;;
Csúszásmentes rétegelt padló;;L 18x1250x2500 Rétegelt lemez fenolos HEXA;Peri;252923;NINCS;nem;0;;;
Csúszásmentes rétegelt padló;;L 18x1500x2500 Rétegelt lemez fenolos;Peri;;NINCS;nem;0;;;
Csúszásmentes rétegelt padló;;L 21x1250x2500 Rétegelt lemez fenolos;Peri;;NINCS;nem;0;;;
Csúszásmentes rétegelt padló;;L 21x1250x2500 Rétegelt lemez fenolos HEXA;Peri;252930;NINCS;nem;0;;;
Csúszásmentes rétegelt padló;;L 21x1500x3000 mm Rétegelt lemez fenolos;Peri;;NINCS;nem;0;;;
Csúszásmentes rétegelt padló;;L 24x1250x2500 Rétegelt lemez fenolos;Peri;;NINCS;nem;0;;;
Csúszásmentes rétegelt padló;;L 27x1250x2500 Rétegelt lemez fenolos;Peri;;NINCS;nem;0;;;
Csúszásmentes rétegelt padló;;L 27x1500x2500 Rétegelt lemez fenolos;Peri;;NINCS;nem;0;;;
Sárvédők, szerszámosládák;;J24300 Sárvédő gumi 240x300 mm;Plastic Padana;150236;NINCS;nem;0;;;
Sárvédők, szerszámosládák;;J260260 Sárvédő gumi 260x260 mm;Plastic Padana;000801;NINCS;nem;0;;;
Sárvédők, szerszámosládák;;J450300 Sárfogó lap 450x300 mm;Plastic Padana;214530;NINCS;nem;0;;;
Sárvédők, szerszámosládák;;J504530 Sárfogó lap 500/450x300 mm;Plastic Padana;215030;NINCS;nem;0;;;
Sárvédők, szerszámosládák;;JF556045 550/600x450 mm sárvédő lap StopSray;Plastic Padana;470020-KL/N;NINCS;nem;0;;;
Dobozos felépítmény alkatrészek;837815;Csapos AJTÓ RÖGZÍTŐ KIT 51,5 mm;Pommier;2537815;MEGVAN;igen;0;2537815;Complete door retainer;https://www.pommier.eu/en/en/all-our-products/stops/complete-door-retainer-0
Dobozos felépítmény alkatrészek;833682;Horganyzott süllyesztett nyelves zár PM;Pommier;3368250DE;MEGVAN;igen;0;3368250DE;Recessed locking gear, zinc plated steel;https://www.pommier.eu/en/en/all-our-products/recessed-locking-dropside-gear/recessed-locking-gear-zinc-plated-steel
Dobozos felépítmény alkatrészek;553150;Ütközőgumi 310x35x60 mm;Pommier;1703150;NINCS;nem;0;;;
Dobozos felépítmény alkatrészek;819264;250 mm Fogantyú acél merevítéssel;Pommier Furgocar;190810264;MEGVAN;igen;0;190810264;Black polyurethane grab handle, with zinc plated steel core;https://www.pommier.eu/en/en/all-our-products/handrails-and-grab-handles/black-polyurethane-grab-handle-zinc-plated-steel
Dobozos felépítmény alkatrészek;511207;50/70 mm-es gumi tömítés PFG;Pommier Furgocar;580611207;MEGVAN;igen;0;580611207;Gasket in 20 m rolls for panel width from 50 to 70 mm;https://www.pommier.eu/en/en/all-our-products/extendable-gaskets/gasket-20-m-rolls-panel-width-50-70-mm
Dobozos felépítmény alkatrészek;512235;55 mm-es PVC tömítés G 5m;Pommier Furgocar;1132235;MEGVAN;igen;0;1132235;Dual-hardness PVC;https://www.pommier.eu/en/en/all-our-products/seals-rigid-soles/dual-hardness-pvc-1
Dobozos felépítmény alkatrészek;512389;84 mm-es PVC tömítés 5m;Pommier Furgocar;1132389BN;MEGVAN;igen;0;1132389;Dual-hardness PVC;https://www.pommier.eu/en/en/all-our-products/seals-rigid-soles/dual-hardness-pvc-4
Dobozos felépítmény alkatrészek;519031;Alu lefogató sín 3800/12 mm;Pommier Furgocar;741209031;MEGVAN;igen;0;741209031;Fixing profi le for EPDM gaskets;https://www.pommier.eu/en/en/all-our-products/other-seals-and-accessories/fixing-profi-le-epdm-gaskets
Speciális felépítmény alkatrészek;615378;Króm belső kilincs 12mm;Pommier Furgocar;2344378;MEGVAN;igen;0;2344378;Chrome plated brass inside handle;https://www.pommier.eu/en/en/all-our-products/handles-and-inner-handles/chrome-plated-brass-inside-handle-0
Speciális felépítmény alkatrészek;615373;Króm külső kilincs 12mm + kulcs;Pommier Furgocar;2344373;MEGVAN;igen;0;2344373;Chrome plated brass inside handle;https://www.pommier.eu/en/en/all-our-products/handles-and-inner-handles/chrome-plated-brass-inside-handle-0
Zárt-dobozos és hűtős profilok;237310/20;Dupla alu zsanér 5000 mm;Pommier Furgocar;1636731/732;MEGVAN;igen;0;1636731;Hinge stop, gray plastic;https://www.pommier.eu/en/en/all-our-products/aluminium/hinge-stop-gray-plastic
Alumínium padló profilok;220192;Alsó rámpa indító profil;Pommier Furgocar;22.21.88168;NINCS;nem;0;;;
Dobozos felépítmény alkatrészek;511208;70/90 mm-es gumi tömítés PFG;Pommier Furgocar;;NINCS;nem;0;;;
Ponyvarendszer kiegészítők;106731;Lezáró csiga zsanérhoz;Pommier Furgocar;1636731DR/GA;NINCS;nem;0;;;
Speciális felépítmény alkatrészek;;615437BG Fekete zárszerkezet 2 irányú;Pommier Furgocar;2304437BG;NINCS;nem;0;;;
Acél és alu rakoncák és szegők;351190;Alu rakonca magasító elox/1900 MM;Profilpol;5STSA400/1900;MEGVAN;igen;0;5STSA400/1900;Adjustable 400 Center Post Tripod, 1900 mm;https://profilpolsystem.pl/en/product/adjustable-400-center-post-tripod-1900-mm/
Acél és alu rakoncák és szegők;355400/ZBS;Alu toldó csappal 67x80/30 mm;Profilpol;5ZBS400ZN;MEGVAN;igen;0;5ZBS400ZN;400 ZN Side Extension for Crates Without a Center Post;https://profilpolsystem.pl/en/product/400-zn-side-extension-for-crates-without-a-center-post/
Platós alkatrészek és kiegészítők;117772;Körmös anya P egyenes;Profilpol;2PP25;MEGVAN;igen;0;2PP25;Palcom M10x25 Profile, Straight;https://profilpolsystem.pl/en/product/palcom-m10x25-profile-straight/
Acél és alu rakoncák és szegők;3562974;Alu hátsó 400 mm Rakonca L-R;Profilpol;;NINCS;nem;0;;;
Elhúzható rolóponyvás rendszer;2221513;"Alumínium ""C"" tető sín 54,5x47/75 mm";Profilpol;22.21.513.1;NINCS;nem;0;;;
Ponyvarendszer kiegészítők;388008;27mm feszítő cső alu profil;Profilpol;T1.8008.0;NINCS;nem;0;;;
Rakományrögzítés;123250;Térelválasztó falzár;Profilpol;33PB0;NINCS;nem;0;;;
Alumínium alváz profilok;203004;30 mm Keretprofil elox;RE-ALL;1800004;NINCS;nem;0;;;
Alumínium lemezek;;S 2,7x2500x6800 mm Rízs mintás Alu lemez EN AW-5086 H32;RE-ALL;0800003;NINCS;nem;0;;;
Alumínium lemezek;;S 2x1250x2500 mm Rízs mintás Alu lemez EN AW-3003 H22;RE-ALL;1100002;NINCS;nem;0;;;
Alumínium padló profilok;221902;Bordázott padló profil 200/40 mm;RE-ALL;1900002;NINCS;nem;0;;;
Dobozos felépítmény alkatrészek;103925;Sarok elem 35/35 R profilhoz;RE-ALL;3900125;NINCS;nem;0;;;
Elhúzható rolóponyvás rendszer;6621620;OR MIDI Első oszlop alu elox;RE-ALL;2100062;NINCS;nem;0;;;
Elhúzható rolóponyvás rendszer;6621640;OR MIDI Hátsó oszlop alu elox;RE-ALL;2100064;NINCS;nem;0;;;
Ipari félgyártmányok;254508;"20x20x2 Alu ""L"" profil";RE-ALL;1304510;NINCS;nem;0;;;
Ipari félgyártmányok;252502;"25x25x2 Alu ""L"" profil";RE-ALL;1304540;NINCS;nem;0;;;
Ipari félgyártmányok;251160;40x20 mm Alu lapos profil;RE-ALL;15-01160;NINCS;nem;0;;;
Ipari félgyártmányok;250403;"40x40x3 Alu ""L"" profil";RE-ALL;1304605;NINCS;nem;0;;;
Ponyvarendszer kiegészítők;380045;34mm feszítő cső alu profil;RE-ALL;2100045;NINCS;nem;0;;;
Ponyvarendszer kiegészítők;380035;Ponyvabeakasztó alu profil 55 mm elox;RE-ALL;2100035;NINCS;nem;0;;;
Ponyvarendszer kiegészítők;380033;Ponyvabeakasztó alu profil 60 mm elox;RE-ALL;2100033;NINCS;nem;0;;;
Ponyvarendszer kiegészítők;380034;Ponyvabeakasztó alu profil 80 mm elox;RE-ALL;2100034;NINCS;nem;0;;;
Ponyvás oldalfal profilok és szegők;226915;30 mm Szegő profil elox;RE-ALL;1700120;NINCS;nem;0;;;
Ponyvás oldalfal profilok és szegők;247174;Bill. alsó hosszú szakálas profil 150/30 elox;RE-ALL;17-00174;NINCS;nem;0;;;
Ponyvás oldalfal profilok és szegők;247152;Bill. felső profil 200/30 mm elox;RE-ALL;17-00152;NINCS;nem;0;;;
Ponyvás oldalfal profilok és szegők;247162;Bill. köztes profil 100/30 mm elox;RE-ALL;17-00162;NINCS;nem;0;;;
Ponyvás oldalfal profilok és szegők;247180;Billencs alsó profil 200+45 mm/ 30 mm elox;RE-ALL;17-00180;NINCS;nem;0;;;
Ponyvás oldalfal profilok és szegők;247158;Billencs középső 200x30 mm profil;RE-ALL;17-00158;NINCS;nem;0;;;
Zárt-dobozos és hűtős profilok;232010;"20x10 ""L"" Profil natúr";RE-ALL;;NINCS;nem;0;;;
Zárt-dobozos és hűtős profilok;237000;25x25 mm íves sarokprofil elox;RE-ALL;T1.7000.1;NINCS;nem;0;;;
Zárt-dobozos és hűtős profilok;232121;35x35 mm íves sarokprofil elox;RE-ALL;213838;NINCS;nem;0;;;
Zárt-dobozos és hűtős profilok;232156;50x174 mm L Belső védőprofil;RE-ALL;;NINCS;nem;0;;;
Zárt-dobozos és hűtős profilok;232125;Dobozos keret elox OR 130 mm nyitott;RE-ALL;2100025;NINCS;nem;0;;;
Zárt-dobozos és hűtős profilok;232129;OR Tömítéses ajtószegő 25 mm elox;RE-ALL;250062;NINCS;nem;0;;;
Zárt-dobozos és hűtős profilok;238170;OR ajtó keret elox 70x30x65/25mm;RE-ALL;1800170;NINCS;nem;0;;;
Speciális felépítmény alkatrészek;615106;Retesz rúd D10 L:1300 mm;Sachermayer;102269188;NINCS;nem;0;;;
Speciális felépítmény alkatrészek;615105;Süllyesztett dupla működésű retesz;Sachermayer;102269040;NINCS;nem;0;;;
Kédergumik;;A1 013 Élkéder kicsi fekete 9,5x6,5mm;Sand-Profile;A1 013;MEGVAN;igen;3;A1 013;Fax: +49 (0) 60 27/41 60-60;https://www.sandprofile.com/media/gesamtkatalog_en.pdf#page=18
Kédergumik;;A1 015 Kéder gumi;Sand-Profile;A1 015;MEGVAN;igen;3;A1 015;Fax: +49 (0) 60 27/41 60-60;https://www.sandprofile.com/media/gesamtkatalog_en.pdf#page=19
Kédergumik;;A1 105/2 Lepkés gumi 58,3x26,6/1,0-2,5 fekete;Sand-Profile;A1 105/2;MEGVAN;igen;3;A1 105/2;Fax: +49 (0) 60 27/41 60-60;https://www.sandprofile.com/media/gesamtkatalog_en.pdf#page=30
Kédergumik;;A1 105/4 Lepkés gumi 58,3x26,6/2,0-4,0 fekete;Sand-Profile;A1 105/4;MEGVAN;igen;3;A1 105/4;Fax: +49 (0) 60 27/41 60-60;https://www.sandprofile.com/media/gesamtkatalog_en.pdf#page=30
Kédergumik;;A1 134/2 Dupla szakállas kédergumi 18,2x24/1,0-2,5 fekete;Sand-Profile;A1 134/2;MEGVAN;igen;3;A1 134/2;Fax: +49 (0) 60 27/41 60-60;https://www.sandprofile.com/media/gesamtkatalog_en.pdf#page=32
Kédergumik;;A1 134/4 Dupla szakállas kédergumi 18,2x24/2,5-4,0 fekete;Sand-Profile;A1 134/4;MEGVAN;igen;3;A1 134/4;Fax: +49 (0) 60 27/41 60-60;https://www.sandprofile.com/media/gesamtkatalog_en.pdf#page=32
Kédergumik;;A1 503 Nagy göbös kédergumi;Sand-Profile;A1 503;MEGVAN;igen;3;A1 503;Fax: +49 (0) 60 27/41 60-60;https://www.sandprofile.com/media/gesamtkatalog_en.pdf#page=44
Kédergumik;;A1 536 Kis göbös kédergumi 14,6x16 fekete;Sand-Profile;A1 536;MEGVAN;igen;3;A1 536;Fax: +49 (0) 60 27/41 60-60;https://www.sandprofile.com/media/gesamtkatalog_en.pdf#page=41
Kédergumik;;A2 106/2 (28 mm) duplagöbös kédergumi;Sand-Profile;A2 106/2;MEGVAN;igen;3;A2 106/2;Fax: +49 (0) 60 27/41 60-60;https://www.sandprofile.com/media/gesamtkatalog_en.pdf#page=32
Kédergumik;;A2 125 Felül göbös kéder gumi 49/35/20 mm;Sand-Profile;A2 125;MEGVAN;igen;3;A2 125;Fax: +49 (0) 60 27/41 60-60;https://www.sandprofile.com/media/gesamtkatalog_en.pdf#page=29
Kédergumik;;A2 127 Lepkés gumi 15/38,6 mm;Sand-Profile;A2 127;MEGVAN;igen;3;A2 127;Fax: +49 (0) 60 27/41 60-60;https://www.sandprofile.com/media/gesamtkatalog_en.pdf#page=30
Kédergumik;;A2 254 Kédergumi 14,5x21,8 fekete;Sand-Profile;A2 254;MEGVAN;igen;3;A2 254;Fax: +49 (0) 60 27/41 60-60;https://www.sandprofile.com/media/gesamtkatalog_en.pdf#page=32
Kédergumik;;A2 255 Nagy göbös kédergumi (fekete 20 mm);Sand-Profile;A2 255;MEGVAN;igen;3;A2 255;Fax: +49 (0) 60 27/41 60-60;https://www.sandprofile.com/media/gesamtkatalog_en.pdf#page=31
Kédergumik;;A2 539 Közepes göbös kédergumi 14,6x18,7 fekete;Sand-Profile;A2 539;MEGVAN;igen;3;A2 539;Fax: +49 (0) 60 27/41 60-60;https://www.sandprofile.com/media/gesamtkatalog_en.pdf#page=41
Kédergumik;;A2 540 kédergumi 16x19,2/2,0-4,0 fekete;Sand-Profile;A2 540;MEGVAN;igen;3;A2 540;Fax: +49 (0) 60 27/41 60-60;https://www.sandprofile.com/media/gesamtkatalog_en.pdf#page=41
Kédergumik;;A2 541 Kédergumi 16x19,2/4,0-6,0 fekete;Sand-Profile;A2 541;MEGVAN;igen;3;A2 541;Fax: +49 (0) 60 27/41 60-60;https://www.sandprofile.com/media/gesamtkatalog_en.pdf#page=41
Kédergumik;;A2 554 Nagygöbös kéder (22,6);Sand-Profile;A2 554;MEGVAN;igen;3;A2 554;Fax: +49 (0) 60 27/41 60-60;https://www.sandprofile.com/media/gesamtkatalog_en.pdf#page=44
Kédergumik;;D1 119 EPDM 21mm p profil;Sand-Profile;D1 119;MEGVAN;igen;3;D1 119;Fax: +49 (0) 60 27/41 60-60;https://www.sandprofile.com/media/gesamtkatalog_en.pdf#page=67
Kédergumik;;D1 128 Omega gumi 19,8x40x24 EPDM fekete;Sand-Profile;D1 128;MEGVAN;igen;3;D1 128;Fax: +49 (0) 60 27/41 60-60;https://www.sandprofile.com/media/gesamtkatalog_en.pdf#page=65
Kédergumik;;D1 133 Omega gumi 19,8x28x24 EPDM fekete;Sand-Profile;D1 133;MEGVAN;igen;3;D1 133;Fax: +49 (0) 60 27/41 60-60;https://www.sandprofile.com/media/gesamtkatalog_en.pdf#page=65
Kédergumik;;D2 167 Élvédő léc EPDM fekete;Sand-Profile;D2 167;MEGVAN;igen;3;D2 167;Fax: +49 (0) 60 27/41 60-60;https://www.sandprofile.com/media/gesamtkatalog_en.pdf#page=67
Kédergumik;;D2 528 talpas 15,5 mm 20,5/20 EPDM fekete;Sand-Profile;D2 528;MEGVAN;igen;3;D2 528;Fax: +49 (0) 60 27/41 60-60;https://www.sandprofile.com/media/gesamtkatalog_en.pdf#page=63
Kédergumik;;Felső göbös kédergumi 32x14x20,8 fekete;Sand-Profile;A3321;MEGVAN;igen;3;A3321;Fax: +49 (0) 60 27/41 60-60;https://www.sandprofile.com/media/gesamtkatalog_en.pdf#page=38
Kédergumik;;Kédergumi 14,5x20,5/2,0-4,0 fekete;Sand-Profile;A3224/4;MEGVAN;igen;3;A3224/4;Fax: +49 (0) 60 27/41 60-60;https://www.sandprofile.com/media/gesamtkatalog_en.pdf#page=43
Kédergumik;;Élkéder 13x10 fekete;Sand-Profile;A3007;MEGVAN;igen;3;A3007;Fax: +49 (0) 60 27/41 60-60;https://www.sandprofile.com/media/gesamtkatalog_en.pdf#page=18
Kédergumik;;A1 549 Mini göbös kédergumi 13x11,8/2 mm;Sand-Profile;A1 549;NINCS;nem;0;;;
Kédergumik;;A2 513 felső göbös kéder 21,5x11 mm;Sand-Profile;A2 513;NINCS;nem;0;;;
Kédergumik;;E2 546-AF Moos gumi öntapadós;Sand-Profile;;NINCS;nem;0;;;
Kédergumik;;E2 701-AF Moos gumi EPDM öntapadós;Sand-Profile;;NINCS;nem;0;;;
Kédergumik;;EPDM 1030 moosgumi;Sand-Profile;;NINCS;nem;0;;;
Kédergumik;;EPDM 1530 moosgumi;Sand-Profile;;NINCS;nem;0;;;
Kédergumik;;EPDM 3030 - AF moosgumi;Sand-Profile;;NINCS;nem;0;;;
Kédergumik;;EPDM moosgumi;Sand-Profile;;NINCS;nem;0;;;
Kédergumik;;Lepkés gumi 76,8(80)/4,7 fekete;Sand-Profile;A4166;NINCS;nem;0;;;
Ponyvarendszer kiegészítők;383148;Direktspanner;Sarolta;;NINCS;nem;0;;;
Speciális felépítmény alkatrészek;820384;Haub-csatoszár ellendarabbal;TT-Parts;606001120009A;NINCS;nem;0;;;
Dobozos felépítmény alkatrészek;508650;1 fokos létra Thorg. 400 mm;Takler;TK8650;NINCS;nem;0;;;
Dobozos felépítmény alkatrészek;502286;2 fokos létra Thorg. TK 570 mm;Takler;TK8655;NINCS;nem;0;;;
Ponyvás oldalfal profilok és szegők;223003/n;"""h"" szegő 25 mm T";Takler;T1.3003.0;NINCS;nem;0;;;
Ponyvás oldalfal profilok és szegők;223003;"""h"" szegő 25 mm elox T";Takler;T1.3003.1;NINCS;nem;0;;;
Ponyvás oldalfal profilok és szegők;223001/N;"""u"" 25 mm szegő profil T";Takler;T1.3001.0;NINCS;nem;0;;;
Ponyvás oldalfal profilok és szegők;223001;"""u"" 25 mm szegő profil elox T";Takler;T1.3001.1;NINCS;nem;0;;;
Ponyvás oldalfal profilok és szegők;;224004/ 400 mm peremes oldalfal elox;Takler;4004 TK;NINCS;nem;0;;;
Ponyvás oldalfal profilok és szegők;224004;400 mm peremes oldalfal elox;Takler;4004 TK;NINCS;nem;0;;;
Ponyvás oldalfal profilok és szegők;245005;Bill. 400/30 mm mono profil elox;Takler;T1.5005.1;NINCS;nem;0;;;
Speciális felépítmény alkatrészek;612623;TIT zárszerkezet;Titgemeyer;;NINCS;nem;0;;;
Gumiszőnyegek;;G 4x1200x10000 2T S/S Általános gumiszőnyeg;VR-Trade;;NINCS;nem;0;;;
Gumiszőnyegek;;G 8x2000 Istálló szőnyeg;VR-Trade;;NINCS;nem;0;;;
Elhúzható rolóponyvás rendszer;;T-rakonca görgő;Versus;RTS-002;NINCS;nem;0;;;
Elhúzható rolóponyvás rendszer;;V144-01006 Elhúzó rúd;Versus;;NINCS;nem;0;;;
Elhúzható rolóponyvás rendszer;;V144-10001 szerelő készlet DTL, MT;Versus;;NINCS;nem;0;;;
Elhúzható rolóponyvás rendszer;;V144-10022 Csavarkészlet fekete lezáróhoz DTL, MT;Versus;144-10022;NINCS;nem;0;;;
Elhúzható rolóponyvás rendszer;;V144-10037, 112-07003 MT hátsó lezáró ponyvához;Versus;;NINCS;nem;0;;;
Elhúzható rolóponyvás rendszer;;V144-10048 FIX keresztartó csavarkészlet;Versus;144-10048;NINCS;nem;0;;;
Elhúzható rolóponyvás rendszer;;V154-03013 Oszlop, sín összekötő készlet DTL;Versus;;NINCS;nem;0;;;
Elhúzható rolóponyvás rendszer;;V154-03041 Oszlop, sín összekötő készlet MT;Versus;154-03041;NINCS;nem;0;;;
Elhúzható rolóponyvás rendszer;;V162-08700 Tetősín PICO;Versus;162-0870;NINCS;nem;0;;;
Elhúzható rolóponyvás rendszer;;V162-238/10000 mm Tető sín DUO TRIKE Light;Versus;47076;NINCS;nem;0;;;
Elhúzható rolóponyvás rendszer;;V162-238/8500 mm Tető sín DUO TRIKE Light;Versus;47076;NINCS;nem;0;;;
Elhúzható rolóponyvás rendszer;;V162-238/9600 mm Tető sín DUO TRIKE Light;Versus;47076;NINCS;nem;0;;;
Elhúzható rolóponyvás rendszer;;V193-11001 Fekete lezáró MT;Versus;193-11001;NINCS;nem;0;;;
Elhúzható rolóponyvás rendszer;;V193-14001 Fekete lezáró DTL;Versus;193-14001;NINCS;nem;0;;;
Elhúzható rolóponyvás rendszer;;V214-47201 Elhúzókocsi DTL, MT;Versus;214-47201;NINCS;nem;0;;;
Elhúzható rolóponyvás rendszer;;V224-01001 Görgős kereszttartó ponyvához;Versus;224-01001;NINCS;nem;0;;;
Elhúzható rolóponyvás rendszer;;V224-41211 FIX kereszttartó ponyvához;Versus;224-41211;NINCS;nem;0;;;
Elhúzható rolóponyvás rendszer;;V242-01004 400 mm piros csukló;Versus;242-01004;NINCS;nem;0;;;
Elhúzható rolóponyvás rendszer;;V242-01007 700 mm piros csukló;Versus;242-01007;NINCS;nem;0;;;
Elhúzható rolóponyvás rendszer;;V242-01065 650 mm piros csukló;Versus;242-01065;NINCS;nem;0;;;
Elhúzható rolóponyvás rendszer;;V242-14109 Tömítés 9 m DTL;Versus;242-14109;NINCS;nem;0;;;
Elhúzható rolóponyvás rendszer;;V242-14116 Takaró gumi DTL;Versus;242-14116;NINCS;nem;0;;;
Elhúzható rolóponyvás rendszer;;V242-14121 Takaró gumi DTL;Versus;;NINCS;nem;0;;;
Elhúzható rolóponyvás rendszer;;V242-14128 Tömítés DTL;Versus;242-14128;NINCS;nem;0;;;
Elhúzható rolóponyvás rendszer;;V242-14165 Takaró gumi DTL 16,5m;Versus;242-14165;NINCS;nem;0;;;
Elhúzható rolóponyvás rendszer;;V242-15109 Tömítés 9 m MT;Versus;242-15109;NINCS;nem;0;;;
Elhúzható rolóponyvás rendszer;;V242-15114 Tömítés 14 m MT;Versus;;NINCS;nem;0;;;
Elhúzható rolóponyvás rendszer;;V262-05007 Rakonca pasz;Versus;262-05007;NINCS;nem;0;;;
Elhúzható rolóponyvás rendszer;;V264-01001 Rakonca kocsi;Versus;264-01001;NINCS;nem;0;;;
Elhúzható rolóponyvás rendszer;;V284-10024 Ponyvagörgő;Versus;284-10024;NINCS;nem;0;;;
Elhúzható rolóponyvás rendszer;;V324-47201 Hátsó teleszkóps lezáró FIX MT;Versus;;NINCS;nem;0;;;
Elhúzható rolóponyvás rendszer;;V35991/6800 mm Tetősín MICRO TRIKE;Versus;35991;NINCS;nem;0;;;
Elhúzható rolóponyvás rendszer;;V35991/7500 mm Tetősín MICRO TRIKE;Versus;35991;NINCS;nem;0;;;
Elhúzható rolóponyvás rendszer;;V35991/7800 mm Tetősín MICRO TRIKE;Versus;35991;NINCS;nem;0;;;
Elhúzható rolóponyvás rendszer;;V35991/8200 mm Tetősín MICRO TRIKE;Versus;35991;NINCS;nem;0;;;
Elhúzható rolóponyvás rendszer;;V35991/8500 mm Tetősín MICRO TRIKE;Versus;35991;NINCS;nem;0;;;
Elhúzható rolóponyvás rendszer;;VERSUS DUO TRIKE L Tolótető rendszer;Versus;;NINCS;nem;0;;;
Elhúzható rolóponyvás rendszer;;VERSUS MICRO TRIKE Tolótető rendszer;Versus;;NINCS;nem;0;;;
Elhúzható rolóponyvás rendszer;;VERSUS PENTA Flex Tolótető rendszer;Versus;;NINCS;nem;0;;;
Elhúzható rolóponyvás rendszer;;VERSUS PICO Tolótető rendszer;Versus;;NINCS;nem;0;;;
Speciális felépítmény alkatrészek;;3420766.00 Vonóhorog;Westfalia;329103600001;NINCS;nem;0;;;
Speciális felépítmény alkatrészek;3421796/1;Vonóhorog felfogatás;Westfalia;342179600001;NINCS;nem;0;;;
Rakományrögzítés;124821;Kombi sínhez gyűrüs csatlakozó;Wistra;140000082100;NINCS;nem;0;;;
Rakományrögzítés;122185;Rakomány rögzítő rúd Airline sínhez 1600;Wistra;221855-600-1600;NINCS;nem;0;;;
Rakományrögzítés;122186;Rakomány rögzítő rúd Airline sínhez 1800;Wistra;221855-600-1800;NINCS;nem;0;;;
Rakományrögzítés;121824;Rakományrögzítő rúd alu-elox;Wistra;221808000920;NINCS;nem;0;;;
Alumínium padló profilok;220190;Rámpa felső záró profil 225/30 mm;profilpol boyritec;22.21.0679;NINCS;nem;0;;;
Alumínium padló profilok;226001;Zárt Padló profil 30/200 mm;takler vagy esal;T1.6001.0;NINCS;nem;0;;;
